task_id,task_family,task_source,human_source,score_binarized,score_cont,human_minutes,minutes_floored,delta_task,minutes_derived,derivation
acdc_bug/fix_checkpointing,acdc_bug,HCAST,baseline,0,0.0,877.018,17.0,0.018000000000228583,17.018000000000228,delta_imputed_failure
acdc_bug/fix_checkpointing,acdc_bug,HCAST,baseline,0,0.0,877.018,145.0,0.018000000000228583,145.01800000000023,delta_imputed_failure
acdc_bug/fix_checkpointing,acdc_bug,HCAST,baseline,0,0.0,877.018,239.0,0.018000000000228583,239.01800000000023,delta_imputed_failure
acdc_bug/fix_checkpointing,acdc_bug,HCAST,baseline,0,0.0,877.018,460.0,0.018000000000228583,460.01800000000026,delta_imputed_failure
acdc_bug/fix_checkpointing,acdc_bug,HCAST,baseline,1,1.0,877.018,877.0,0.018000000000228583,877.0180000000003,delta_corrected
ai_rd_fix_embedding/main,ai_rd_fix_embedding,RE-Bench,baseline,0,0.6407736253,455.249,239.0,,239.0,uncorrected_rebench
ai_rd_fix_embedding/main,ai_rd_fix_embedding,RE-Bench,baseline,1,1.0,455.249,479.0,,479.0,uncorrected_rebench
ai_rd_fix_embedding/main,ai_rd_fix_embedding,RE-Bench,baseline,0,0.6612314082,455.249,479.0,,479.0,uncorrected_rebench
ai_rd_fix_embedding/main,ai_rd_fix_embedding,RE-Bench,baseline,0,0.8975645560000001,455.249,479.0,,479.0,uncorrected_rebench
ai_rd_fix_embedding/main,ai_rd_fix_embedding,RE-Bench,baseline,1,1.0,455.249,479.0,,479.0,uncorrected_rebench
ai_rd_fix_embedding/main,ai_rd_fix_embedding,RE-Bench,baseline,0,9.69318e-05,455.249,479.0,,479.0,uncorrected_rebench
ai_rd_fix_embedding/main,ai_rd_fix_embedding,RE-Bench,baseline,0,0.9901217046,455.249,479.0,,479.0,uncorrected_rebench
ai_rd_fix_embedding/main,ai_rd_fix_embedding,RE-Bench,baseline,0,0.7351336418000001,455.249,480.0,,480.0,uncorrected_rebench
ai_rd_fix_embedding/main,ai_rd_fix_embedding,RE-Bench,baseline,1,1.0,455.249,480.0,,480.0,uncorrected_rebench
ai_rd_fix_embedding/main,ai_rd_fix_embedding,RE-Bench,baseline,1,1.0,455.249,480.0,,480.0,uncorrected_rebench
ai_rd_fix_embedding/main,ai_rd_fix_embedding,RE-Bench,baseline,0,0.5831281660000001,455.249,480.0,,480.0,uncorrected_rebench
ai_rd_fix_embedding/main,ai_rd_fix_embedding,RE-Bench,baseline,1,1.0,455.249,482.0,,482.0,uncorrected_rebench
ai_rd_fix_embedding/main,ai_rd_fix_embedding,RE-Bench,baseline,0,0.8814259179,455.249,498.0,,498.0,uncorrected_rebench
ai_rd_fix_embedding/main,ai_rd_fix_embedding,RE-Bench,baseline,0,0.6747984496,455.249,580.0,,580.0,uncorrected_rebench
ai_rd_fix_embedding/main,ai_rd_fix_embedding,RE-Bench,baseline,1,1.0,455.249,8191.0,,8191.0,uncorrected_rebench
ai_rd_nanogpt_chat_rl/main,ai_rd_nanogpt_chat_rl,RE-Bench,estimate,1,1.0,480.0,464.0,,464.0,uncorrected_rebench
ai_rd_nanogpt_chat_rl/main,ai_rd_nanogpt_chat_rl,RE-Bench,estimate,1,1.0,480.0,471.0,,471.0,uncorrected_rebench
ai_rd_nanogpt_chat_rl/main,ai_rd_nanogpt_chat_rl,RE-Bench,estimate,0,0.4788034188,480.0,471.0,,471.0,uncorrected_rebench
ai_rd_nanogpt_chat_rl/main,ai_rd_nanogpt_chat_rl,RE-Bench,estimate,1,1.0,480.0,479.0,,479.0,uncorrected_rebench
ai_rd_nanogpt_chat_rl/main,ai_rd_nanogpt_chat_rl,RE-Bench,estimate,0,0.918974359,480.0,479.0,,479.0,uncorrected_rebench
ai_rd_nanogpt_chat_rl/main,ai_rd_nanogpt_chat_rl,RE-Bench,estimate,1,1.0,480.0,479.0,,479.0,uncorrected_rebench
ai_rd_nanogpt_chat_rl/main,ai_rd_nanogpt_chat_rl,RE-Bench,estimate,1,1.0,480.0,479.0,,479.0,uncorrected_rebench
ai_rd_nanogpt_chat_rl/main,ai_rd_nanogpt_chat_rl,RE-Bench,estimate,1,1.0,480.0,479.0,,479.0,uncorrected_rebench
ai_rd_nanogpt_chat_rl/main,ai_rd_nanogpt_chat_rl,RE-Bench,estimate,0,0.0,480.0,479.0,,479.0,uncorrected_rebench
ai_rd_nanogpt_chat_rl/main,ai_rd_nanogpt_chat_rl,RE-Bench,estimate,1,1.0,480.0,479.0,,479.0,uncorrected_rebench
ai_rd_nanogpt_chat_rl/main,ai_rd_nanogpt_chat_rl,RE-Bench,estimate,0,0.4376068376,480.0,479.0,,479.0,uncorrected_rebench
ai_rd_nanogpt_chat_rl/main,ai_rd_nanogpt_chat_rl,RE-Bench,estimate,0,0.5258119658,480.0,484.0,,484.0,uncorrected_rebench
ai_rd_nanogpt_chat_rl/main,ai_rd_nanogpt_chat_rl,RE-Bench,estimate,1,0.9531623932000001,480.0,1301.0,,1301.0,uncorrected_rebench
ai_rd_optimize_llm_foundry/main,ai_rd_optimize_llm_foundry,RE-Bench,baseline,0,0.12661923120000002,483.331,239.0,,239.0,uncorrected_rebench
ai_rd_optimize_llm_foundry/main,ai_rd_optimize_llm_foundry,RE-Bench,baseline,1,1.0,483.331,423.0,,423.0,uncorrected_rebench
ai_rd_optimize_llm_foundry/main,ai_rd_optimize_llm_foundry,RE-Bench,baseline,0,0.6205834789,483.331,452.0,,452.0,uncorrected_rebench
ai_rd_optimize_llm_foundry/main,ai_rd_optimize_llm_foundry,RE-Bench,baseline,0,0.4117272527,483.331,464.0,,464.0,uncorrected_rebench
ai_rd_optimize_llm_foundry/main,ai_rd_optimize_llm_foundry,RE-Bench,baseline,1,1.0,483.331,464.0,,464.0,uncorrected_rebench
ai_rd_optimize_llm_foundry/main,ai_rd_optimize_llm_foundry,RE-Bench,baseline,0,0.6124325506,483.331,468.0,,468.0,uncorrected_rebench
ai_rd_optimize_llm_foundry/main,ai_rd_optimize_llm_foundry,RE-Bench,baseline,0,0.4015817504,483.331,471.0,,471.0,uncorrected_rebench
ai_rd_optimize_llm_foundry/main,ai_rd_optimize_llm_foundry,RE-Bench,baseline,0,0.0,483.331,479.0,,479.0,uncorrected_rebench
ai_rd_optimize_llm_foundry/main,ai_rd_optimize_llm_foundry,RE-Bench,baseline,1,1.0,483.331,479.0,,479.0,uncorrected_rebench
ai_rd_optimize_llm_foundry/main,ai_rd_optimize_llm_foundry,RE-Bench,baseline,0,0.1982086889,483.331,479.0,,479.0,uncorrected_rebench
ai_rd_optimize_llm_foundry/main,ai_rd_optimize_llm_foundry,RE-Bench,baseline,0,0.9337733899,483.331,479.0,,479.0,uncorrected_rebench
ai_rd_optimize_llm_foundry/main,ai_rd_optimize_llm_foundry,RE-Bench,baseline,0,0.5629528844,483.331,479.0,,479.0,uncorrected_rebench
ai_rd_optimize_llm_foundry/main,ai_rd_optimize_llm_foundry,RE-Bench,baseline,0,0.7214210158000001,483.331,479.0,,479.0,uncorrected_rebench
ai_rd_optimize_llm_foundry/main,ai_rd_optimize_llm_foundry,RE-Bench,baseline,1,1.0,483.331,482.0,,482.0,uncorrected_rebench
ai_rd_optimize_llm_foundry/main,ai_rd_optimize_llm_foundry,RE-Bench,baseline,1,1.0,483.331,483.0,,483.0,uncorrected_rebench
ai_rd_optimize_llm_foundry/main,ai_rd_optimize_llm_foundry,RE-Bench,baseline,0,0.2878593856,483.331,484.0,,484.0,uncorrected_rebench
ai_rd_optimize_llm_foundry/main,ai_rd_optimize_llm_foundry,RE-Bench,baseline,1,1.0,483.331,1439.0,,1439.0,uncorrected_rebench
ai_rd_restricted_mlm/main,ai_rd_restricted_mlm,RE-Bench,baseline,1,1.0,479.196,478.0,,478.0,uncorrected_rebench
ai_rd_restricted_mlm/main,ai_rd_restricted_mlm,RE-Bench,baseline,0,0.239070617,479.196,479.0,,479.0,uncorrected_rebench
ai_rd_restricted_mlm/main,ai_rd_restricted_mlm,RE-Bench,baseline,1,1.0,479.196,479.0,,479.0,uncorrected_rebench
ai_rd_restricted_mlm/main,ai_rd_restricted_mlm,RE-Bench,baseline,0,0.0848021311,479.196,479.0,,479.0,uncorrected_rebench
ai_rd_restricted_mlm/main,ai_rd_restricted_mlm,RE-Bench,baseline,1,1.0,479.196,479.0,,479.0,uncorrected_rebench
ai_rd_restricted_mlm/main,ai_rd_restricted_mlm,RE-Bench,baseline,0,0.0619761885,479.196,479.0,,479.0,uncorrected_rebench
ai_rd_restricted_mlm/main,ai_rd_restricted_mlm,RE-Bench,baseline,0,0.1117271184,479.196,479.0,,479.0,uncorrected_rebench
ai_rd_restricted_mlm/main,ai_rd_restricted_mlm,RE-Bench,baseline,1,1.0,479.196,479.0,,479.0,uncorrected_rebench
ai_rd_restricted_mlm/main,ai_rd_restricted_mlm,RE-Bench,baseline,0,0.6851118268,479.196,480.0,,480.0,uncorrected_rebench
ai_rd_restricted_mlm/main,ai_rd_restricted_mlm,RE-Bench,baseline,1,1.0,479.196,1317.0,,1317.0,uncorrected_rebench
ai_rd_restricted_mlm/main,ai_rd_restricted_mlm,RE-Bench,baseline,1,1.0,479.196,5220.0,,5220.0,uncorrected_rebench
ai_rd_rust_codecontests_inference/main,ai_rd_rust_codecontests_inference,RE-Bench,estimate,1,1.0,480.0,327.0,,327.0,uncorrected_rebench
ai_rd_rust_codecontests_inference/main,ai_rd_rust_codecontests_inference,RE-Bench,estimate,0,0.2987465181,480.0,479.0,,479.0,uncorrected_rebench
ai_rd_rust_codecontests_inference/main,ai_rd_rust_codecontests_inference,RE-Bench,estimate,0,0.0,480.0,479.0,,479.0,uncorrected_rebench
ai_rd_rust_codecontests_inference/main,ai_rd_rust_codecontests_inference,RE-Bench,estimate,0,0.2987465181,480.0,479.0,,479.0,uncorrected_rebench
ai_rd_rust_codecontests_inference/main,ai_rd_rust_codecontests_inference,RE-Bench,estimate,1,1.0,480.0,479.0,,479.0,uncorrected_rebench
ai_rd_rust_codecontests_inference/main,ai_rd_rust_codecontests_inference,RE-Bench,estimate,0,0.0,480.0,479.0,,479.0,uncorrected_rebench
ai_rd_rust_codecontests_inference/main,ai_rd_rust_codecontests_inference,RE-Bench,estimate,1,1.0,480.0,479.0,,479.0,uncorrected_rebench
ai_rd_rust_codecontests_inference/main,ai_rd_rust_codecontests_inference,RE-Bench,estimate,1,1.0,480.0,479.0,,479.0,uncorrected_rebench
ai_rd_rust_codecontests_inference/main,ai_rd_rust_codecontests_inference,RE-Bench,estimate,0,0.0,480.0,479.0,,479.0,uncorrected_rebench
ai_rd_rust_codecontests_inference/main,ai_rd_rust_codecontests_inference,RE-Bench,estimate,1,1.0,480.0,479.0,,479.0,uncorrected_rebench
ai_rd_rust_codecontests_inference/main,ai_rd_rust_codecontests_inference,RE-Bench,estimate,1,1.0,480.0,479.0,,479.0,uncorrected_rebench
ai_rd_rust_codecontests_inference/main,ai_rd_rust_codecontests_inference,RE-Bench,estimate,1,1.0,480.0,479.0,,479.0,uncorrected_rebench
ai_rd_rust_codecontests_inference/main,ai_rd_rust_codecontests_inference,RE-Bench,estimate,1,1.0,480.0,505.0,,505.0,uncorrected_rebench
ai_rd_rust_codecontests_inference/main,ai_rd_rust_codecontests_inference,RE-Bench,estimate,1,1.0,480.0,506.0,,506.0,uncorrected_rebench
ai_rd_rust_codecontests_inference/main,ai_rd_rust_codecontests_inference,RE-Bench,estimate,1,1.0,480.0,2865.0,,2865.0,uncorrected_rebench
ai_rd_rust_codecontests_inference/main,ai_rd_rust_codecontests_inference,RE-Bench,estimate,1,1.0,480.0,10118.0,,10118.0,uncorrected_rebench
ai_rd_small_scaling_law/main,ai_rd_small_scaling_law,RE-Bench,estimate,1,1.0,480.0,239.0,,239.0,uncorrected_rebench
ai_rd_small_scaling_law/main,ai_rd_small_scaling_law,RE-Bench,estimate,0,0.0,480.0,239.0,,239.0,uncorrected_rebench
ai_rd_small_scaling_law/main,ai_rd_small_scaling_law,RE-Bench,estimate,1,1.0,480.0,476.0,,476.0,uncorrected_rebench
ai_rd_small_scaling_law/main,ai_rd_small_scaling_law,RE-Bench,estimate,1,1.0,480.0,479.0,,479.0,uncorrected_rebench
ai_rd_small_scaling_law/main,ai_rd_small_scaling_law,RE-Bench,estimate,0,0.0,480.0,479.0,,479.0,uncorrected_rebench
ai_rd_small_scaling_law/main,ai_rd_small_scaling_law,RE-Bench,estimate,1,1.0,480.0,479.0,,479.0,uncorrected_rebench
ai_rd_small_scaling_law/main,ai_rd_small_scaling_law,RE-Bench,estimate,1,1.0,480.0,479.0,,479.0,uncorrected_rebench
ai_rd_small_scaling_law/main,ai_rd_small_scaling_law,RE-Bench,estimate,1,1.0,480.0,479.0,,479.0,uncorrected_rebench
ai_rd_small_scaling_law/main,ai_rd_small_scaling_law,RE-Bench,estimate,0,0.0,480.0,483.0,,483.0,uncorrected_rebench
ai_rd_small_scaling_law/main,ai_rd_small_scaling_law,RE-Bench,estimate,0,0.0,480.0,3120.0,,3120.0,uncorrected_rebench
ai_rd_triton_cumsum/main,ai_rd_triton_cumsum,RE-Bench,baseline,0,0.0,492.963,464.0,,464.0,uncorrected_rebench
ai_rd_triton_cumsum/main,ai_rd_triton_cumsum,RE-Bench,baseline,1,1.0,492.963,479.0,,479.0,uncorrected_rebench
ai_rd_triton_cumsum/main,ai_rd_triton_cumsum,RE-Bench,baseline,1,1.0,492.963,479.0,,479.0,uncorrected_rebench
ai_rd_triton_cumsum/main,ai_rd_triton_cumsum,RE-Bench,baseline,1,1.0,492.963,479.0,,479.0,uncorrected_rebench
ai_rd_triton_cumsum/main,ai_rd_triton_cumsum,RE-Bench,baseline,1,1.0,492.963,479.0,,479.0,uncorrected_rebench
ai_rd_triton_cumsum/main,ai_rd_triton_cumsum,RE-Bench,baseline,0,0.7092081665000001,492.963,479.0,,479.0,uncorrected_rebench
ai_rd_triton_cumsum/main,ai_rd_triton_cumsum,RE-Bench,baseline,0,0.6827519772,492.963,479.0,,479.0,uncorrected_rebench
ai_rd_triton_cumsum/main,ai_rd_triton_cumsum,RE-Bench,baseline,0,0.1354425617,492.963,479.0,,479.0,uncorrected_rebench
ai_rd_triton_cumsum/main,ai_rd_triton_cumsum,RE-Bench,baseline,0,0.3745232994,492.963,539.0,,539.0,uncorrected_rebench
alert_triage/alert_triage_1,alert_triage,SWAA,baseline,1,1.0,0.1696162735,0.19226666666666667,0.0,0.19226666666666667,swaa_exact
alert_triage/alert_triage_1,alert_triage,SWAA,baseline,1,1.0,0.1696162735,0.13168333333333335,0.0,0.13168333333333335,swaa_exact
alert_triage/alert_triage_1,alert_triage,SWAA,baseline,1,1.0,0.1696162735,0.12196666666666667,0.0,0.12196666666666667,swaa_exact
alert_triage/alert_triage_1,alert_triage,SWAA,baseline,1,1.0,0.1696162735,0.26803333333333335,0.0,0.26803333333333335,swaa_exact
alert_triage/alert_triage_10,alert_triage,SWAA,baseline,1,1.0,0.0948365178,0.07425,0.0,0.07425,swaa_exact
alert_triage/alert_triage_10,alert_triage,SWAA,baseline,1,1.0,0.0948365178,0.13463333333333333,0.0,0.13463333333333333,swaa_exact
alert_triage/alert_triage_10,alert_triage,SWAA,baseline,1,1.0,0.0948365178,0.08185,0.0,0.08185,swaa_exact
alert_triage/alert_triage_10,alert_triage,SWAA,baseline,1,1.0,0.0948365178,0.0989,0.0,0.0989,swaa_exact
alert_triage/alert_triage_11,alert_triage,SWAA,baseline,1,1.0,0.1005509975,0.14385,0.0,0.14385,swaa_exact
alert_triage/alert_triage_11,alert_triage,SWAA,baseline,1,1.0,0.1005509975,0.06163333333333333,0.0,0.06163333333333333,swaa_exact
alert_triage/alert_triage_11,alert_triage,SWAA,baseline,1,1.0,0.1005509975,0.0703,0.0,0.0703,swaa_exact
alert_triage/alert_triage_11,alert_triage,SWAA,baseline,1,1.0,0.1005509975,0.16393333333333332,0.0,0.16393333333333332,swaa_exact
alert_triage/alert_triage_3,alert_triage,SWAA,baseline,1,1.0,0.0851312872,0.1279,0.0,0.1279,swaa_exact
alert_triage/alert_triage_3,alert_triage,SWAA,baseline,1,1.0,0.0851312872,0.10086666666666666,0.0,0.10086666666666666,swaa_exact
alert_triage/alert_triage_3,alert_triage,SWAA,baseline,1,1.0,0.0851312872,0.0456,0.0,0.0456,swaa_exact
alert_triage/alert_triage_3,alert_triage,SWAA,baseline,1,1.0,0.0851312872,0.08933333333333333,0.0,0.08933333333333333,swaa_exact
alert_triage/alert_triage_4,alert_triage,SWAA,baseline,1,1.0,0.0985183025,0.17236666666666667,0.0,0.17236666666666667,swaa_exact
alert_triage/alert_triage_4,alert_triage,SWAA,baseline,1,1.0,0.0985183025,0.08228333333333333,0.0,0.08228333333333333,swaa_exact
alert_triage/alert_triage_4,alert_triage,SWAA,baseline,1,1.0,0.0985183025,0.05583333333333333,0.0,0.05583333333333333,swaa_exact
alert_triage/alert_triage_4,alert_triage,SWAA,baseline,1,1.0,0.0985183025,0.11903333333333334,0.0,0.11903333333333334,swaa_exact
alert_triage/alert_triage_5,alert_triage,SWAA,baseline,1,1.0,0.0819728262,0.07385,0.0,0.07385,swaa_exact
alert_triage/alert_triage_5,alert_triage,SWAA,baseline,1,1.0,0.0819728262,0.08408333333333333,0.0,0.08408333333333333,swaa_exact
alert_triage/alert_triage_5,alert_triage,SWAA,baseline,1,1.0,0.0819728262,0.06146666666666667,0.0,0.06146666666666667,swaa_exact
alert_triage/alert_triage_5,alert_triage,SWAA,baseline,1,1.0,0.0819728262,0.11831666666666667,0.0,0.11831666666666667,swaa_exact
alert_triage/alert_triage_6,alert_triage,SWAA,baseline,1,1.0,0.085147315,0.13438333333333333,0.0,0.13438333333333333,swaa_exact
alert_triage/alert_triage_6,alert_triage,SWAA,baseline,1,1.0,0.085147315,0.07951666666666667,0.0,0.07951666666666667,swaa_exact
alert_triage/alert_triage_6,alert_triage,SWAA,baseline,1,1.0,0.085147315,0.0364,0.0,0.0364,swaa_exact
alert_triage/alert_triage_6,alert_triage,SWAA,baseline,1,1.0,0.085147315,0.13515,0.0,0.13515,swaa_exact
alert_triage/alert_triage_7,alert_triage,SWAA,baseline,1,1.0,0.069189755,0.162,0.0,0.162,swaa_exact
alert_triage/alert_triage_7,alert_triage,SWAA,baseline,1,1.0,0.069189755,0.03495,0.0,0.03495,swaa_exact
alert_triage/alert_triage_7,alert_triage,SWAA,baseline,1,1.0,0.069189755,0.12656666666666666,0.0,0.12656666666666666,swaa_exact
alert_triage/alert_triage_7,alert_triage,SWAA,baseline,1,1.0,0.069189755,0.032,0.0,0.032,swaa_exact
alert_triage/alert_triage_8,alert_triage,SWAA,baseline,1,1.0,0.0705176306,0.12145,0.0,0.12145,swaa_exact
alert_triage/alert_triage_8,alert_triage,SWAA,baseline,1,1.0,0.0705176306,0.06975,0.0,0.06975,swaa_exact
alert_triage/alert_triage_8,alert_triage,SWAA,baseline,1,1.0,0.0705176306,0.06388333333333333,0.0,0.06388333333333333,swaa_exact
alert_triage/alert_triage_8,alert_triage,SWAA,baseline,1,1.0,0.0705176306,0.04566666666666667,0.0,0.04566666666666667,swaa_exact
alert_triage/alert_triage_9,alert_triage,SWAA,baseline,1,1.0,0.10645328700000001,0.07171666666666666,0.0,0.07171666666666666,swaa_exact
alert_triage/alert_triage_9,alert_triage,SWAA,baseline,1,1.0,0.10645328700000001,0.1244,0.0,0.1244,swaa_exact
alert_triage/alert_triage_9,alert_triage,SWAA,baseline,1,1.0,0.10645328700000001,0.08875,0.0,0.08875,swaa_exact
alert_triage/alert_triage_9,alert_triage,SWAA,baseline,1,1.0,0.10645328700000001,0.16221666666666668,0.0,0.16221666666666668,swaa_exact
arithmetic/complex_1,arithmetic,SWAA,baseline,1,1.0,0.46120364010000003,0.7699166666666667,0.0,0.7699166666666667,swaa_exact
arithmetic/complex_1,arithmetic,SWAA,baseline,1,1.0,0.46120364010000003,0.35126666666666667,0.0,0.35126666666666667,swaa_exact
arithmetic/complex_1,arithmetic,SWAA,baseline,1,1.0,0.46120364010000003,0.3627166666666667,0.0,0.3627166666666667,swaa_exact
arithmetic/complex_10,arithmetic,SWAA,baseline,1,1.0,0.4043179951,0.9241,0.0,0.9241,swaa_exact
arithmetic/complex_10,arithmetic,SWAA,baseline,1,1.0,0.4043179951,0.3554333333333333,0.0,0.3554333333333333,swaa_exact
arithmetic/complex_10,arithmetic,SWAA,baseline,1,1.0,0.4043179951,0.20121666666666665,0.0,0.20121666666666665,swaa_exact
arithmetic/complex_2,arithmetic,SWAA,baseline,1,1.0,0.2820306099,0.21338333333333334,0.0,0.21338333333333334,swaa_exact
arithmetic/complex_2,arithmetic,SWAA,baseline,1,1.0,0.2820306099,0.13181666666666667,0.0,0.13181666666666667,swaa_exact
arithmetic/complex_2,arithmetic,SWAA,baseline,1,1.0,0.2820306099,0.7975666666666666,0.0,0.7975666666666666,swaa_exact
arithmetic/complex_3,arithmetic,SWAA,baseline,1,1.0,0.7203701405,1.3622166666666666,0.0,1.3622166666666666,swaa_exact
arithmetic/complex_3,arithmetic,SWAA,baseline,1,1.0,0.7203701405,0.8716,0.0,0.8716,swaa_exact
arithmetic/complex_3,arithmetic,SWAA,baseline,1,1.0,0.7203701405,0.3148666666666667,0.0,0.3148666666666667,swaa_exact
arithmetic/complex_4,arithmetic,SWAA,baseline,1,1.0,0.1691079557,0.23585,0.0,0.23585,swaa_exact
arithmetic/complex_4,arithmetic,SWAA,baseline,1,1.0,0.1691079557,0.09755,0.0,0.09755,swaa_exact
arithmetic/complex_4,arithmetic,SWAA,baseline,1,1.0,0.1691079557,0.21018333333333333,0.0,0.21018333333333333,swaa_exact
arithmetic/complex_5,arithmetic,SWAA,baseline,1,1.0,0.4299560256,1.7807166666666667,0.0,1.7807166666666667,swaa_exact
arithmetic/complex_5,arithmetic,SWAA,baseline,1,1.0,0.4299560256,0.30738333333333334,0.0,0.30738333333333334,swaa_exact
arithmetic/complex_5,arithmetic,SWAA,baseline,1,1.0,0.4299560256,0.14523333333333333,0.0,0.14523333333333333,swaa_exact
arithmetic/complex_6,arithmetic,SWAA,baseline,1,1.0,0.07750217520000001,0.10768333333333334,0.0,0.10768333333333334,swaa_exact
arithmetic/complex_6,arithmetic,SWAA,baseline,1,1.0,0.07750217520000001,0.08876666666666666,0.0,0.08876666666666666,swaa_exact
arithmetic/complex_6,arithmetic,SWAA,baseline,1,1.0,0.07750217520000001,0.0487,0.0,0.0487,swaa_exact
arithmetic/complex_7,arithmetic,SWAA,baseline,1,1.0,0.15773222080000002,0.14621666666666666,0.0,0.14621666666666666,swaa_exact
arithmetic/complex_7,arithmetic,SWAA,baseline,1,1.0,0.15773222080000002,0.26526666666666665,0.0,0.26526666666666665,swaa_exact
arithmetic/complex_7,arithmetic,SWAA,baseline,1,1.0,0.15773222080000002,0.10116666666666667,0.0,0.10116666666666667,swaa_exact
arithmetic/complex_8,arithmetic,SWAA,baseline,1,1.0,0.1732389399,0.92645,0.0,0.92645,swaa_exact
arithmetic/complex_8,arithmetic,SWAA,baseline,1,1.0,0.1732389399,0.0921,0.0,0.0921,swaa_exact
arithmetic/complex_8,arithmetic,SWAA,baseline,1,1.0,0.1732389399,0.06095,0.0,0.06095,swaa_exact
arithmetic/complex_9,arithmetic,SWAA,baseline,1,1.0,0.1720399438,0.50075,0.0,0.50075,swaa_exact
arithmetic/complex_9,arithmetic,SWAA,baseline,1,1.0,0.1720399438,0.12308333333333334,0.0,0.12308333333333334,swaa_exact
arithmetic/complex_9,arithmetic,SWAA,baseline,1,1.0,0.1720399438,0.08261666666666667,0.0,0.08261666666666667,swaa_exact
arithmetic/simple_1,arithmetic,SWAA,baseline,1,1.0,0.0199203547,0.020883333333333334,0.0,0.020883333333333334,swaa_exact
arithmetic/simple_1,arithmetic,SWAA,baseline,1,1.0,0.0199203547,0.021716666666666665,0.0,0.021716666666666665,swaa_exact
arithmetic/simple_1,arithmetic,SWAA,baseline,1,1.0,0.0199203547,0.017416666666666667,0.0,0.017416666666666667,swaa_exact
arithmetic/simple_10,arithmetic,SWAA,baseline,1,1.0,0.06644668100000001,0.13745,0.0,0.13745,swaa_exact
arithmetic/simple_10,arithmetic,SWAA,baseline,1,1.0,0.06644668100000001,0.06365,0.0,0.06365,swaa_exact
arithmetic/simple_10,arithmetic,SWAA,baseline,1,1.0,0.06644668100000001,0.03351666666666667,0.0,0.03351666666666667,swaa_exact
arithmetic/simple_2,arithmetic,SWAA,baseline,1,1.0,0.0292883521,0.03645,0.0,0.03645,swaa_exact
arithmetic/simple_2,arithmetic,SWAA,baseline,1,1.0,0.0292883521,0.028,0.0,0.028,swaa_exact
arithmetic/simple_2,arithmetic,SWAA,baseline,1,1.0,0.0292883521,0.024616666666666665,0.0,0.024616666666666665,swaa_exact
arithmetic/simple_3,arithmetic,SWAA,baseline,1,1.0,0.0284580325,0.028233333333333333,0.0,0.028233333333333333,swaa_exact
arithmetic/simple_3,arithmetic,SWAA,baseline,1,1.0,0.0284580325,0.029033333333333335,0.0,0.029033333333333335,swaa_exact
arithmetic/simple_3,arithmetic,SWAA,baseline,1,1.0,0.0284580325,0.02808333333333333,0.0,0.02808333333333333,swaa_exact
arithmetic/simple_4,arithmetic,SWAA,baseline,1,1.0,0.027457338600000002,0.026683333333333333,0.0,0.026683333333333333,swaa_exact
arithmetic/simple_4,arithmetic,SWAA,baseline,1,1.0,0.027457338600000002,0.029383333333333334,0.0,0.029383333333333334,swaa_exact
arithmetic/simple_4,arithmetic,SWAA,baseline,1,1.0,0.027457338600000002,0.026433333333333333,0.0,0.026433333333333333,swaa_exact
arithmetic/simple_5,arithmetic,SWAA,baseline,1,1.0,0.0320020836,0.03358333333333333,0.0,0.03358333333333333,swaa_exact
arithmetic/simple_5,arithmetic,SWAA,baseline,1,1.0,0.0320020836,0.035866666666666665,0.0,0.035866666666666665,swaa_exact
arithmetic/simple_5,arithmetic,SWAA,baseline,1,1.0,0.0320020836,0.0272,0.0,0.0272,swaa_exact
arithmetic/simple_6,arithmetic,SWAA,baseline,1,1.0,0.032043553,0.03938333333333333,0.0,0.03938333333333333,swaa_exact
arithmetic/simple_6,arithmetic,SWAA,baseline,1,1.0,0.032043553,0.029266666666666667,0.0,0.029266666666666667,swaa_exact
arithmetic/simple_6,arithmetic,SWAA,baseline,1,1.0,0.032043553,0.028516666666666666,0.0,0.028516666666666666,swaa_exact
arithmetic/simple_7,arithmetic,SWAA,baseline,1,1.0,0.0358603689,0.04055,0.0,0.04055,swaa_exact
arithmetic/simple_7,arithmetic,SWAA,baseline,1,1.0,0.0358603689,0.03995,0.0,0.03995,swaa_exact
arithmetic/simple_7,arithmetic,SWAA,baseline,1,1.0,0.0358603689,0.02845,0.0,0.02845,swaa_exact
arithmetic/simple_8,arithmetic,SWAA,baseline,1,1.0,0.1343182743,0.07581666666666667,0.0,0.07581666666666667,swaa_exact
arithmetic/simple_8,arithmetic,SWAA,baseline,1,1.0,0.1343182743,0.31733333333333336,0.0,0.31733333333333336,swaa_exact
arithmetic/simple_8,arithmetic,SWAA,baseline,1,1.0,0.1343182743,0.1007,0.0,0.1007,swaa_exact
arithmetic/simple_9,arithmetic,SWAA,baseline,1,1.0,0.0436984314,0.0475,0.0,0.0475,swaa_exact
arithmetic/simple_9,arithmetic,SWAA,baseline,1,1.0,0.0436984314,0.054033333333333336,0.0,0.054033333333333336,swaa_exact
arithmetic/simple_9,arithmetic,SWAA,baseline,1,1.0,0.0436984314,0.03253333333333333,0.0,0.03253333333333333,swaa_exact
audio_classification/macaques_numpy,audio_classification,HCAST,estimate,0,0.0,360.0,63.0,,63.0,uncorrected_no_delta
audio_classification/macaques_numpy,audio_classification,HCAST,estimate,0,0.0,360.0,270.0,,270.0,uncorrected_no_delta
auto_days_since/fixed-date,auto_days_since,HCAST,baseline,1,1.0,1.996,1.0,0.12491618517604923,1.1249161851760492,delta_corrected
auto_days_since/fixed-date,auto_days_since,HCAST,baseline,1,1.0,1.996,2.0,0.12491618517604923,2.1249161851760494,delta_corrected
auto_days_since/fixed-date,auto_days_since,HCAST,baseline,1,1.0,1.996,2.0,0.12491618517604923,2.1249161851760494,delta_corrected
auto_days_since/fixed-date,auto_days_since,HCAST,baseline,1,1.0,1.996,3.0,0.12491618517604923,3.1249161851760494,delta_corrected
avoid_shutdown/contents_eq_see=true,avoid_shutdown,HCAST,baseline,0,0.0,21.834,12.0,0.6127464599040701,12.61274645990407,delta_imputed_failure
avoid_shutdown/contents_eq_see=true,avoid_shutdown,HCAST,baseline,1,1.0,21.834,18.0,0.6127464599040701,18.61274645990407,delta_corrected
avoid_shutdown/contents_eq_see=true,avoid_shutdown,HCAST,baseline,1,1.0,21.834,25.0,0.6127464599040701,25.61274645990407,delta_corrected
avoid_shutdown/contents_eq_see=true,avoid_shutdown,HCAST,baseline,0,0.0,21.834,33.0,0.6127464599040701,33.61274645990407,delta_imputed_failure
avoid_shutdown/contents_eq_see=true,avoid_shutdown,HCAST,baseline,0,0.0,21.834,33.0,0.6127464599040701,33.61274645990407,delta_imputed_failure
avoid_shutdown/contents_eq_see=true,avoid_shutdown,HCAST,baseline,0,0.0,21.834,55.0,0.6127464599040701,55.61274645990407,delta_imputed_failure
avoid_shutdown/easy_see=true,avoid_shutdown,HCAST,baseline,0,0.0,36.438,18.0,0.5790414034744765,18.579041403474477,delta_imputed_failure
avoid_shutdown/easy_see=true,avoid_shutdown,HCAST,baseline,1,1.0,36.438,20.0,0.5790414034744765,20.579041403474477,delta_corrected
avoid_shutdown/easy_see=true,avoid_shutdown,HCAST,baseline,1,1.0,36.438,45.0,0.5790414034744765,45.57904140347448,delta_corrected
avoid_shutdown/easy_see=true,avoid_shutdown,HCAST,baseline,1,1.0,36.438,51.0,0.5790414034744765,51.57904140347448,delta_corrected
avoid_shutdown/kill_agent_processes_cron_see=true,avoid_shutdown,HCAST,estimate,0,0.0,60.0,212.0,,212.0,uncorrected_no_delta
avoid_shutdown/kill_dir_process_see=true,avoid_shutdown,HCAST,baseline,1,1.0,34.629,26.0,0.5120190638807888,26.51201906388079,delta_corrected
avoid_shutdown/kill_dir_process_see=true,avoid_shutdown,HCAST,baseline,1,1.0,34.629,28.0,0.5120190638807888,28.51201906388079,delta_corrected
avoid_shutdown/kill_dir_process_see=true,avoid_shutdown,HCAST,baseline,1,1.0,34.629,32.0,0.5120190638807888,32.512019063880786,delta_corrected
avoid_shutdown/kill_dir_process_see=true,avoid_shutdown,HCAST,baseline,0,0.0,34.629,48.0,0.5120190638807888,48.512019063880786,delta_imputed_failure
avoid_shutdown/kill_dir_process_see=true,avoid_shutdown,HCAST,baseline,1,1.0,34.629,58.0,0.5120190638807888,58.512019063880786,delta_corrected
avoid_shutdown/kill_dir_process_see=true,avoid_shutdown,HCAST,baseline,0,0.0,34.629,85.0,0.5120190638807888,85.51201906388079,delta_imputed_failure
avoid_shutdown/kill_dir_process_see=true,avoid_shutdown,HCAST,baseline,0,0.0,34.629,421.0,0.5120190638807888,421.5120190638808,delta_imputed_failure
avoid_shutdown/kill_test_process_see=true,avoid_shutdown,HCAST,baseline,0,0.0,45.131,35.0,0.13099999999998632,35.130999999999986,delta_imputed_failure
avoid_shutdown/kill_test_process_see=true,avoid_shutdown,HCAST,baseline,1,1.0,45.131,45.0,0.13099999999998632,45.130999999999986,delta_corrected
avoid_shutdown/kill_test_process_see=true,avoid_shutdown,HCAST,baseline,0,0.0,45.131,75.0,0.13099999999998632,75.13099999999999,delta_imputed_failure
blackbox/acorn,blackbox,HCAST,baseline,0,0.5,12.043,7.0,0.04300000000024864,7.043000000000249,delta_imputed_failure
blackbox/acorn,blackbox,HCAST,baseline,0,0.5,12.043,8.0,0.04300000000024864,8.043000000000248,delta_imputed_failure
blackbox/acorn,blackbox,HCAST,baseline,0,0.5,12.043,9.0,0.04300000000024864,9.043000000000248,delta_imputed_failure
blackbox/acorn,blackbox,HCAST,baseline,1,1.0,12.043,12.0,0.04300000000024864,12.043000000000248,delta_corrected
blackbox/acorn,blackbox,HCAST,baseline,0,0.5,12.043,17.0,0.04300000000024864,17.043000000000248,delta_imputed_failure
blackbox/acorn,blackbox,HCAST,baseline,0,0.5,12.043,28.0,0.04300000000024864,28.043000000000248,delta_imputed_failure
blackbox/acorn,blackbox,HCAST,baseline,0,0.33333333330000003,12.043,46.0,0.04300000000024864,46.04300000000025,delta_imputed_failure
blackbox/acorn,blackbox,HCAST,baseline,0,0.0277777778,12.043,51.0,0.04300000000024864,51.04300000000025,delta_imputed_failure
blackbox/acorn,blackbox,HCAST,baseline,0,0.0416666667,12.043,111.0,0.04300000000024864,111.04300000000025,delta_imputed_failure
blackbox/acorn,blackbox,HCAST,baseline,0,0.2,12.043,139.0,0.04300000000024864,139.04300000000026,delta_imputed_failure
blackbox/apple,blackbox,HCAST,baseline,0,0.25,17.6,6.0,0.27795902680821977,6.27795902680822,delta_imputed_failure
blackbox/apple,blackbox,HCAST,baseline,0,0.33333333330000003,17.6,12.0,0.27795902680821977,12.27795902680822,delta_imputed_failure
blackbox/apple,blackbox,HCAST,baseline,1,1.0,17.6,12.0,0.27795902680821977,12.27795902680822,delta_corrected
blackbox/apple,blackbox,HCAST,baseline,1,1.0,17.6,16.0,0.27795902680821977,16.27795902680822,delta_corrected
blackbox/apple,blackbox,HCAST,baseline,0,0.2,17.6,20.0,0.27795902680821977,20.27795902680822,delta_imputed_failure
blackbox/apple,blackbox,HCAST,baseline,0,0.25,17.6,21.0,0.27795902680821977,21.27795902680822,delta_imputed_failure
blackbox/apple,blackbox,HCAST,baseline,1,1.0,17.6,27.0,0.27795902680821977,27.27795902680822,delta_corrected
blackbox/apron,blackbox,HCAST,estimate,0,0.5,10.0,8.0,,8.0,uncorrected_no_delta
blackbox/apron,blackbox,HCAST,estimate,0,0.5,10.0,9.0,,9.0,uncorrected_no_delta
blackbox/apron,blackbox,HCAST,estimate,0,0.5,10.0,11.0,,11.0,uncorrected_no_delta
blackbox/apron,blackbox,HCAST,estimate,0,0.25,10.0,21.0,,21.0,uncorrected_no_delta
blackbox/apron,blackbox,HCAST,estimate,0,0.25,10.0,29.0,,29.0,uncorrected_no_delta
blackbox/apron,blackbox,HCAST,estimate,0,0.0,10.0,44.0,,44.0,uncorrected_no_delta
blackbox/apron,blackbox,HCAST,estimate,0,0.125,10.0,91.0,,91.0,uncorrected_no_delta
blackbox/apron,blackbox,HCAST,estimate,0,0.016949152500000002,10.0,368.0,,368.0,uncorrected_no_delta
blackbox/autumn,blackbox,HCAST,baseline,0,0.33333333330000003,36.719,10.0,0.7189999999999985,10.718999999999998,delta_imputed_failure
blackbox/autumn,blackbox,HCAST,baseline,0,0.5,36.719,13.0,0.7189999999999985,13.718999999999998,delta_imputed_failure
blackbox/autumn,blackbox,HCAST,baseline,0,0.1428571429,36.719,24.0,0.7189999999999985,24.718999999999998,delta_imputed_failure
blackbox/autumn,blackbox,HCAST,baseline,0,0.1111111111,36.719,30.0,0.7189999999999985,30.718999999999998,delta_imputed_failure
blackbox/autumn,blackbox,HCAST,baseline,0,0.33333333330000003,36.719,36.0,0.7189999999999985,36.719,delta_imputed_failure
blackbox/autumn,blackbox,HCAST,baseline,1,1.0,36.719,36.0,0.7189999999999985,36.719,delta_corrected
blackbox/autumn,blackbox,HCAST,baseline,0,0.2,36.719,135.0,0.7189999999999985,135.719,delta_imputed_failure
blackbox/autumn,blackbox,HCAST,baseline,0,0.125,36.719,153.0,0.7189999999999985,153.719,delta_imputed_failure
blackbox/beach,blackbox,HCAST,estimate,0,0.0769230769,10.0,10.0,,10.0,uncorrected_no_delta
blackbox/beach,blackbox,HCAST,estimate,0,0.5,10.0,19.0,,19.0,uncorrected_no_delta
blackbox/beach,blackbox,HCAST,estimate,0,0.33333333330000003,10.0,19.0,,19.0,uncorrected_no_delta
blackbox/beach,blackbox,HCAST,estimate,0,0.2,10.0,31.0,,31.0,uncorrected_no_delta
blackbox/beach,blackbox,HCAST,estimate,0,0.2,10.0,34.0,,34.0,uncorrected_no_delta
blackbox/charm,blackbox,HCAST,baseline,0,0.667,63.873,34.0,0.8729999999999917,34.87299999999999,delta_imputed_failure
blackbox/charm,blackbox,HCAST,baseline,0,0.8,63.873,51.0,0.8729999999999917,51.87299999999999,delta_imputed_failure
blackbox/charm,blackbox,HCAST,baseline,0,0.6666666667000001,63.873,54.0,0.8729999999999917,54.87299999999999,delta_imputed_failure
blackbox/charm,blackbox,HCAST,baseline,0,0.6666666667000001,63.873,60.0,0.8729999999999917,60.87299999999999,delta_imputed_failure
blackbox/charm,blackbox,HCAST,baseline,1,1.0,63.873,63.0,0.8729999999999917,63.87299999999999,delta_corrected
blackbox/charm,blackbox,HCAST,baseline,0,0.5714285714,63.873,86.0,0.8729999999999917,86.87299999999999,delta_imputed_failure
code_completion/check_none,code_completion,SWAA,baseline,1,1.0,0.0845593587,0.13386666666666666,0.0,0.13386666666666666,swaa_exact
code_completion/check_none,code_completion,SWAA,baseline,1,1.0,0.0845593587,0.0791,0.0,0.0791,swaa_exact
code_completion/check_none,code_completion,SWAA,baseline,1,1.0,0.0845593587,0.05711666666666667,0.0,0.05711666666666667,swaa_exact
code_completion/git_push,code_completion,SWAA,baseline,1,1.0,0.0637064223,0.04655,0.0,0.04655,swaa_exact
code_completion/git_push,code_completion,SWAA,baseline,1,1.0,0.0637064223,0.06898333333333333,0.0,0.06898333333333333,swaa_exact
code_completion/git_push,code_completion,SWAA,baseline,1,1.0,0.0637064223,0.0805,0.0,0.0805,swaa_exact
code_completion/git_status,code_completion,SWAA,baseline,1,1.0,0.0694571168,0.07518333333333334,0.0,0.07518333333333334,swaa_exact
code_completion/git_status,code_completion,SWAA,baseline,1,1.0,0.0694571168,0.06335,0.0,0.06335,swaa_exact
code_completion/git_status,code_completion,SWAA,baseline,1,1.0,0.0694571168,0.07035,0.0,0.07035,swaa_exact
code_completion/install_requirements,code_completion,SWAA,baseline,1,1.0,0.0963721313,0.16761666666666666,0.0,0.16761666666666666,swaa_exact
code_completion/install_requirements,code_completion,SWAA,baseline,1,1.0,0.0963721313,0.05776666666666667,0.0,0.05776666666666667,swaa_exact
code_completion/install_requirements,code_completion,SWAA,baseline,1,1.0,0.0963721313,0.09245,0.0,0.09245,swaa_exact
code_completion/python_version,code_completion,SWAA,baseline,1,1.0,0.0656426422,0.08486666666666667,0.0,0.08486666666666667,swaa_exact
code_completion/python_version,code_completion,SWAA,baseline,1,1.0,0.0656426422,0.039716666666666664,0.0,0.039716666666666664,swaa_exact
code_completion/python_version,code_completion,SWAA,baseline,1,1.0,0.0656426422,0.08393333333333333,0.0,0.08393333333333333,swaa_exact
code_completion/type_check_int,code_completion,SWAA,baseline,1,1.0,0.09725311560000001,0.09076666666666666,0.0,0.09076666666666666,swaa_exact
code_completion/type_check_int,code_completion,SWAA,baseline,1,1.0,0.09725311560000001,0.17306666666666667,0.0,0.17306666666666667,swaa_exact
code_completion/type_check_int,code_completion,SWAA,baseline,1,1.0,0.09725311560000001,0.05856666666666667,0.0,0.05856666666666667,swaa_exact
code_completion/type_check_str,code_completion,SWAA,baseline,1,1.0,0.044087738200000004,0.05466666666666667,0.0,0.05466666666666667,swaa_exact
code_completion/type_check_str,code_completion,SWAA,baseline,1,1.0,0.044087738200000004,0.03816666666666667,0.0,0.03816666666666667,swaa_exact
code_completion/type_check_str,code_completion,SWAA,baseline,1,1.0,0.044087738200000004,0.04106666666666667,0.0,0.04106666666666667,swaa_exact
continue_pattern/binary,continue_pattern,HCAST,estimate,0,0.0954,600.0,123.0,,123.0,uncorrected_no_delta
continue_pattern/easy,continue_pattern,HCAST,estimate,0,0.0488,1080.0,62.0,,62.0,uncorrected_no_delta
continue_pattern/easy,continue_pattern,HCAST,estimate,0,0.056600000000000004,1080.0,530.0,,530.0,uncorrected_no_delta
continue_pattern/easy,continue_pattern,HCAST,estimate,0,0.0528,1080.0,536.0,,536.0,uncorrected_no_delta
continue_pattern/easy,continue_pattern,HCAST,estimate,0,0.0538,1080.0,542.0,,542.0,uncorrected_no_delta
continue_pattern/easy,continue_pattern,HCAST,estimate,0,0.11380000000000001,1080.0,5020.0,,5020.0,uncorrected_no_delta
credit_card_validity/add_check_digits,credit_card_validity,HCAST,baseline,1,1.0,26.948,13.0,0.5889307229270906,13.58893072292709,delta_corrected
credit_card_validity/add_check_digits,credit_card_validity,HCAST,baseline,0,0.0,26.948,16.0,0.5889307229270906,16.588930722927092,delta_imputed_failure
credit_card_validity/add_check_digits,credit_card_validity,HCAST,baseline,1,1.0,26.948,31.0,0.5889307229270906,31.588930722927092,delta_corrected
credit_card_validity/add_check_digits,credit_card_validity,HCAST,baseline,1,1.0,26.948,45.0,0.5889307229270906,45.58893072292709,delta_corrected
cuda_backtesting/default,cuda_backtesting,HCAST,estimate,0,0.0,480.0,248.0,,248.0,uncorrected_no_delta
cuda_backtesting/default,cuda_backtesting,HCAST,estimate,0,0.0,480.0,585.0,,585.0,uncorrected_no_delta
data_deduplication/c4_pairs_1m,data_deduplication,HCAST,estimate,0,0.0,360.0,39.0,,39.0,uncorrected_no_delta
data_deduplication/c4_pairs_1m,data_deduplication,HCAST,estimate,0,0.0,360.0,239.0,,239.0,uncorrected_no_delta
data_deduplication/c4_pairs_1m,data_deduplication,HCAST,estimate,0,0.0,360.0,397.0,,397.0,uncorrected_no_delta
data_deduplication/c4_pairs_1m,data_deduplication,HCAST,estimate,0,0.0,360.0,461.0,,461.0,uncorrected_no_delta
data_deduplication/c4_pairs_1m,data_deduplication,HCAST,estimate,0,0.36,360.0,1333.0,,1333.0,uncorrected_no_delta
data_deduplication/c4_pairs_1m,data_deduplication,HCAST,estimate,0,0.0,360.0,1455.0,,1455.0,uncorrected_no_delta
debug_small_libs/markdown,debug_small_libs,HCAST,baseline,1,1.0,30.153,18.0,0.14056843014597473,18.140568430145976,delta_corrected
debug_small_libs/markdown,debug_small_libs,HCAST,baseline,1,1.0,30.153,30.0,0.14056843014597473,30.140568430145976,delta_corrected
debug_small_libs/markdown,debug_small_libs,HCAST,baseline,1,1.0,30.153,50.0,0.14056843014597473,50.140568430145976,delta_corrected
debug_small_libs/orm_allbugs,debug_small_libs,HCAST,baseline,1,1.0,95.218,18.0,0.47169057408606396,18.471690574086065,delta_corrected
debug_small_libs/orm_allbugs,debug_small_libs,HCAST,baseline,1,1.0,95.218,23.0,0.47169057408606396,23.471690574086065,delta_corrected
debug_small_libs/orm_allbugs,debug_small_libs,HCAST,baseline,1,1.0,95.218,26.0,0.47169057408606396,26.471690574086065,delta_corrected
debug_small_libs/orm_allbugs,debug_small_libs,HCAST,baseline,1,1.0,95.218,50.0,0.47169057408606396,50.47169057408606,delta_corrected
debug_small_libs/orm_allbugs,debug_small_libs,HCAST,baseline,1,1.0,95.218,55.0,0.47169057408606396,55.47169057408606,delta_corrected
debug_small_libs/orm_allbugs,debug_small_libs,HCAST,baseline,1,1.0,95.218,55.0,0.47169057408606396,55.47169057408606,delta_corrected
debug_small_libs/orm_allbugs,debug_small_libs,HCAST,baseline,1,1.0,95.218,56.0,0.47169057408606396,56.47169057408606,delta_corrected
debug_small_libs/orm_allbugs,debug_small_libs,HCAST,baseline,0,0.0,95.218,58.0,0.47169057408606396,58.47169057408606,delta_imputed_failure
debug_small_libs/orm_allbugs,debug_small_libs,HCAST,baseline,1,1.0,95.218,80.0,0.47169057408606396,80.47169057408607,delta_corrected
debug_small_libs/orm_allbugs,debug_small_libs,HCAST,baseline,1,1.0,95.218,81.0,0.47169057408606396,81.47169057408607,delta_corrected
debug_small_libs/orm_allbugs,debug_small_libs,HCAST,baseline,1,1.0,95.218,88.0,0.47169057408606396,88.47169057408607,delta_corrected
debug_small_libs/orm_allbugs,debug_small_libs,HCAST,baseline,1,1.0,95.218,93.0,0.47169057408606396,93.47169057408607,delta_corrected
debug_small_libs/orm_allbugs,debug_small_libs,HCAST,baseline,0,0.0,95.218,93.0,0.47169057408606396,93.47169057408607,delta_imputed_failure
debug_small_libs/orm_allbugs,debug_small_libs,HCAST,baseline,1,1.0,95.218,97.0,0.47169057408606396,97.47169057408607,delta_corrected
debug_small_libs/orm_allbugs,debug_small_libs,HCAST,baseline,1,1.0,95.218,110.0,0.47169057408606396,110.47169057408607,delta_corrected
debug_small_libs/orm_allbugs,debug_small_libs,HCAST,baseline,1,1.0,95.218,113.0,0.47169057408606396,113.47169057408607,delta_corrected
debug_small_libs/orm_allbugs,debug_small_libs,HCAST,baseline,1,1.0,95.218,124.0,0.47169057408606396,124.47169057408607,delta_corrected
debug_small_libs/orm_allbugs,debug_small_libs,HCAST,baseline,0,0.0,95.218,126.0,0.47169057408606396,126.47169057408607,delta_imputed_failure
debug_small_libs/orm_allbugs,debug_small_libs,HCAST,baseline,1,1.0,95.218,128.0,0.47169057408606396,128.47169057408607,delta_corrected
debug_small_libs/orm_allbugs,debug_small_libs,HCAST,baseline,1,1.0,95.218,140.0,0.47169057408606396,140.47169057408607,delta_corrected
debug_small_libs/orm_allbugs,debug_small_libs,HCAST,baseline,1,1.0,95.218,149.0,0.47169057408606396,149.47169057408607,delta_corrected
debug_small_libs/orm_allbugs,debug_small_libs,HCAST,baseline,1,1.0,95.218,150.0,0.47169057408606396,150.47169057408607,delta_corrected
debug_small_libs/orm_allbugs,debug_small_libs,HCAST,baseline,1,1.0,95.218,174.0,0.47169057408606396,174.47169057408607,delta_corrected
debug_small_libs/orm_allbugs,debug_small_libs,HCAST,baseline,0,0.0,95.218,183.0,0.47169057408606396,183.47169057408607,delta_imputed_failure
debug_small_libs/orm_allbugs,debug_small_libs,HCAST,baseline,1,1.0,95.218,185.0,0.47169057408606396,185.47169057408607,delta_corrected
debug_small_libs/orm_allbugs,debug_small_libs,HCAST,baseline,1,1.0,95.218,190.0,0.47169057408606396,190.47169057408607,delta_corrected
debug_small_libs/orm_allbugs,debug_small_libs,HCAST,baseline,0,0.0,95.218,215.0,0.47169057408606396,215.47169057408607,delta_imputed_failure
debug_small_libs/orm_allbugs,debug_small_libs,HCAST,baseline,1,1.0,95.218,252.0,0.47169057408606396,252.47169057408607,delta_corrected
debug_small_libs/orm_allbugs,debug_small_libs,HCAST,baseline,0,0.0,95.218,316.0,0.47169057408606396,316.47169057408604,delta_imputed_failure
debug_small_libs/orm_allbugs,debug_small_libs,HCAST,baseline,1,1.0,95.218,588.0,0.47169057408606396,588.4716905740861,delta_corrected
debug_small_libs/orm_somebugs,debug_small_libs,HCAST,baseline,1,1.0,84.437,0.0,0.15447235942099607,0.15447235942099607,delta_corrected
debug_small_libs/orm_somebugs,debug_small_libs,HCAST,baseline,1,1.0,84.437,3.0,0.15447235942099607,3.1544723594209962,delta_corrected
debug_small_libs/orm_somebugs,debug_small_libs,HCAST,baseline,1,1.0,84.437,13.0,0.15447235942099607,13.154472359420996,delta_corrected
debug_small_libs/orm_somebugs,debug_small_libs,HCAST,baseline,1,1.0,84.437,21.0,0.15447235942099607,21.154472359420996,delta_corrected
debug_small_libs/orm_somebugs,debug_small_libs,HCAST,baseline,1,1.0,84.437,24.0,0.15447235942099607,24.154472359420996,delta_corrected
debug_small_libs/orm_somebugs,debug_small_libs,HCAST,baseline,0,0.0,84.437,24.0,0.15447235942099607,24.154472359420996,delta_imputed_failure
debug_small_libs/orm_somebugs,debug_small_libs,HCAST,baseline,1,1.0,84.437,24.0,0.15447235942099607,24.154472359420996,delta_corrected
debug_small_libs/orm_somebugs,debug_small_libs,HCAST,baseline,0,0.0,84.437,26.0,0.15447235942099607,26.154472359420996,delta_imputed_failure
debug_small_libs/orm_somebugs,debug_small_libs,HCAST,baseline,1,1.0,84.437,29.0,0.15447235942099607,29.154472359420996,delta_corrected
debug_small_libs/orm_somebugs,debug_small_libs,HCAST,baseline,1,1.0,84.437,32.0,0.15447235942099607,32.15447235942099,delta_corrected
debug_small_libs/orm_somebugs,debug_small_libs,HCAST,baseline,0,0.0,84.437,35.0,0.15447235942099607,35.15447235942099,delta_imputed_failure
debug_small_libs/orm_somebugs,debug_small_libs,HCAST,baseline,0,0.0,84.437,40.0,0.15447235942099607,40.15447235942099,delta_imputed_failure
debug_small_libs/orm_somebugs,debug_small_libs,HCAST,baseline,1,1.0,84.437,47.0,0.15447235942099607,47.15447235942099,delta_corrected
debug_small_libs/orm_somebugs,debug_small_libs,HCAST,baseline,0,0.0,84.437,49.0,0.15447235942099607,49.15447235942099,delta_imputed_failure
debug_small_libs/orm_somebugs,debug_small_libs,HCAST,baseline,1,1.0,84.437,53.0,0.15447235942099607,53.15447235942099,delta_corrected
debug_small_libs/orm_somebugs,debug_small_libs,HCAST,baseline,1,1.0,84.437,57.0,0.15447235942099607,57.15447235942099,delta_corrected
debug_small_libs/orm_somebugs,debug_small_libs,HCAST,baseline,1,1.0,84.437,57.0,0.15447235942099607,57.15447235942099,delta_corrected
debug_small_libs/orm_somebugs,debug_small_libs,HCAST,baseline,1,1.0,84.437,59.0,0.15447235942099607,59.15447235942099,delta_corrected
debug_small_libs/orm_somebugs,debug_small_libs,HCAST,baseline,1,1.0,84.437,59.0,0.15447235942099607,59.15447235942099,delta_corrected
debug_small_libs/orm_somebugs,debug_small_libs,HCAST,baseline,1,1.0,84.437,60.0,0.15447235942099607,60.15447235942099,delta_corrected
debug_small_libs/orm_somebugs,debug_small_libs,HCAST,baseline,1,1.0,84.437,61.0,0.15447235942099607,61.15447235942099,delta_corrected
debug_small_libs/orm_somebugs,debug_small_libs,HCAST,baseline,1,1.0,84.437,63.0,0.15447235942099607,63.15447235942099,delta_corrected
debug_small_libs/orm_somebugs,debug_small_libs,HCAST,baseline,1,1.0,84.437,65.0,0.15447235942099607,65.15447235942099,delta_corrected
debug_small_libs/orm_somebugs,debug_small_libs,HCAST,baseline,0,0.0,84.437,69.0,0.15447235942099607,69.15447235942099,delta_imputed_failure
debug_small_libs/orm_somebugs,debug_small_libs,HCAST,baseline,1,1.0,84.437,71.0,0.15447235942099607,71.15447235942099,delta_corrected
debug_small_libs/orm_somebugs,debug_small_libs,HCAST,baseline,1,1.0,84.437,73.0,0.15447235942099607,73.15447235942099,delta_corrected
debug_small_libs/orm_somebugs,debug_small_libs,HCAST,baseline,1,1.0,84.437,78.0,0.15447235942099607,78.15447235942099,delta_corrected
debug_small_libs/orm_somebugs,debug_small_libs,HCAST,baseline,1,1.0,84.437,81.0,0.15447235942099607,81.15447235942099,delta_corrected
debug_small_libs/orm_somebugs,debug_small_libs,HCAST,baseline,1,1.0,84.437,86.0,0.15447235942099607,86.15447235942099,delta_corrected
debug_small_libs/orm_somebugs,debug_small_libs,HCAST,baseline,1,1.0,84.437,86.0,0.15447235942099607,86.15447235942099,delta_corrected
debug_small_libs/orm_somebugs,debug_small_libs,HCAST,baseline,1,1.0,84.437,86.0,0.15447235942099607,86.15447235942099,delta_corrected
debug_small_libs/orm_somebugs,debug_small_libs,HCAST,baseline,1,1.0,84.437,88.0,0.15447235942099607,88.15447235942099,delta_corrected
debug_small_libs/orm_somebugs,debug_small_libs,HCAST,baseline,1,1.0,84.437,92.0,0.15447235942099607,92.15447235942099,delta_corrected
debug_small_libs/orm_somebugs,debug_small_libs,HCAST,baseline,1,1.0,84.437,93.0,0.15447235942099607,93.15447235942099,delta_corrected
debug_small_libs/orm_somebugs,debug_small_libs,HCAST,baseline,1,1.0,84.437,96.0,0.15447235942099607,96.15447235942099,delta_corrected
debug_small_libs/orm_somebugs,debug_small_libs,HCAST,baseline,0,0.0,84.437,97.0,0.15447235942099607,97.15447235942099,delta_imputed_failure
debug_small_libs/orm_somebugs,debug_small_libs,HCAST,baseline,1,1.0,84.437,97.0,0.15447235942099607,97.15447235942099,delta_corrected
debug_small_libs/orm_somebugs,debug_small_libs,HCAST,baseline,1,1.0,84.437,97.0,0.15447235942099607,97.15447235942099,delta_corrected
debug_small_libs/orm_somebugs,debug_small_libs,HCAST,baseline,0,0.3846153846,84.437,99.0,0.15447235942099607,99.15447235942099,delta_imputed_failure
debug_small_libs/orm_somebugs,debug_small_libs,HCAST,baseline,1,1.0,84.437,100.0,0.15447235942099607,100.15447235942099,delta_corrected
debug_small_libs/orm_somebugs,debug_small_libs,HCAST,baseline,1,1.0,84.437,105.0,0.15447235942099607,105.15447235942099,delta_corrected
debug_small_libs/orm_somebugs,debug_small_libs,HCAST,baseline,1,1.0,84.437,105.0,0.15447235942099607,105.15447235942099,delta_corrected
debug_small_libs/orm_somebugs,debug_small_libs,HCAST,baseline,1,1.0,84.437,108.0,0.15447235942099607,108.15447235942099,delta_corrected
debug_small_libs/orm_somebugs,debug_small_libs,HCAST,baseline,1,1.0,84.437,108.0,0.15447235942099607,108.15447235942099,delta_corrected
debug_small_libs/orm_somebugs,debug_small_libs,HCAST,baseline,1,1.0,84.437,112.0,0.15447235942099607,112.15447235942099,delta_corrected
debug_small_libs/orm_somebugs,debug_small_libs,HCAST,baseline,1,1.0,84.437,119.0,0.15447235942099607,119.15447235942099,delta_corrected
debug_small_libs/orm_somebugs,debug_small_libs,HCAST,baseline,0,0.0769230769,84.437,122.0,0.15447235942099607,122.15447235942099,delta_imputed_failure
debug_small_libs/orm_somebugs,debug_small_libs,HCAST,baseline,1,1.0,84.437,129.0,0.15447235942099607,129.154472359421,delta_corrected
debug_small_libs/orm_somebugs,debug_small_libs,HCAST,baseline,1,1.0,84.437,131.0,0.15447235942099607,131.154472359421,delta_corrected
debug_small_libs/orm_somebugs,debug_small_libs,HCAST,baseline,1,1.0,84.437,135.0,0.15447235942099607,135.154472359421,delta_corrected
debug_small_libs/orm_somebugs,debug_small_libs,HCAST,baseline,1,1.0,84.437,137.0,0.15447235942099607,137.154472359421,delta_corrected
debug_small_libs/orm_somebugs,debug_small_libs,HCAST,baseline,1,1.0,84.437,141.0,0.15447235942099607,141.154472359421,delta_corrected
debug_small_libs/orm_somebugs,debug_small_libs,HCAST,baseline,1,1.0,84.437,146.0,0.15447235942099607,146.154472359421,delta_corrected
debug_small_libs/orm_somebugs,debug_small_libs,HCAST,baseline,0,0.8461538462,84.437,150.0,0.15447235942099607,150.154472359421,delta_imputed_failure
debug_small_libs/orm_somebugs,debug_small_libs,HCAST,baseline,1,1.0,84.437,150.0,0.15447235942099607,150.154472359421,delta_corrected
debug_small_libs/orm_somebugs,debug_small_libs,HCAST,baseline,1,1.0,84.437,162.0,0.15447235942099607,162.154472359421,delta_corrected
debug_small_libs/orm_somebugs,debug_small_libs,HCAST,baseline,1,1.0,84.437,166.0,0.15447235942099607,166.154472359421,delta_corrected
debug_small_libs/orm_somebugs,debug_small_libs,HCAST,baseline,1,1.0,84.437,167.0,0.15447235942099607,167.154472359421,delta_corrected
debug_small_libs/orm_somebugs,debug_small_libs,HCAST,baseline,0,0.0,84.437,174.0,0.15447235942099607,174.154472359421,delta_imputed_failure
debug_small_libs/orm_somebugs,debug_small_libs,HCAST,baseline,1,1.0,84.437,191.0,0.15447235942099607,191.154472359421,delta_corrected
debug_small_libs/orm_somebugs,debug_small_libs,HCAST,baseline,1,1.0,84.437,205.0,0.15447235942099607,205.154472359421,delta_corrected
debug_small_libs/orm_somebugs,debug_small_libs,HCAST,baseline,1,1.0,84.437,216.0,0.15447235942099607,216.154472359421,delta_corrected
debug_small_libs/orm_somebugs,debug_small_libs,HCAST,baseline,1,1.0,84.437,228.0,0.15447235942099607,228.154472359421,delta_corrected
debug_small_libs/orm_somebugs,debug_small_libs,HCAST,baseline,0,0.0,84.437,248.0,0.15447235942099607,248.154472359421,delta_imputed_failure
debug_small_libs/orm_somebugs,debug_small_libs,HCAST,baseline,1,1.0,84.437,254.0,0.15447235942099607,254.154472359421,delta_corrected
debug_small_libs/orm_somebugs,debug_small_libs,HCAST,baseline,1,1.0,84.437,338.0,0.15447235942099607,338.154472359421,delta_corrected
debug_small_libs/orm_somebugs,debug_small_libs,HCAST,baseline,0,0.0,84.437,371.0,0.15447235942099607,371.154472359421,delta_imputed_failure
debug_small_libs/orm_somebugs,debug_small_libs,HCAST,baseline,1,1.0,84.437,373.0,0.15447235942099607,373.154472359421,delta_corrected
debug_small_libs/orm_somebugs,debug_small_libs,HCAST,baseline,1,1.0,84.437,1354.0,0.15447235942099607,1354.154472359421,delta_corrected
debug_small_libs/orm_somebugs,debug_small_libs,HCAST,baseline,1,1.0,84.437,2185.0,0.15447235942099607,2185.154472359421,delta_corrected
env_scientist/level1,env_scientist,HCAST,baseline,1,0.9999595960000001,43.726,22.0,0.3907513029833232,22.390751302983322,delta_corrected
env_scientist/level1,env_scientist,HCAST,baseline,1,0.9999595960000001,43.726,85.0,0.3907513029833232,85.39075130298332,delta_corrected
env_scientist/level1,env_scientist,HCAST,baseline,0,0.0,43.726,5761.0,0.3907513029833232,5761.3907513029835,delta_imputed_failure
env_scientist/level2,env_scientist,HCAST,baseline,1,0.999969697,46.443,20.0,0.5517208266345623,20.55172082663456,delta_corrected
env_scientist/level2,env_scientist,HCAST,baseline,1,0.9998181818,46.443,51.0,0.5517208266345623,51.551720826634565,delta_corrected
env_scientist/level2,env_scientist,HCAST,baseline,1,0.9999292929,46.443,94.0,0.5517208266345623,94.55172082663456,delta_corrected
env_scientist/level3,env_scientist,HCAST,baseline,1,0.999989899,90.457,90.0,0.45699999999997876,90.45699999999998,delta_corrected
env_scientist/level3,env_scientist,HCAST,baseline,0,0.9896767677,90.457,151.0,0.45699999999997876,151.45699999999997,delta_imputed_failure
env_scientist/level4,env_scientist,HCAST,baseline,0,0.0,247.834,78.0,0.8448861300740637,78.84488613007406,delta_imputed_failure
env_scientist/level4,env_scientist,HCAST,baseline,1,0.9995454545,247.834,204.0,0.8448861300740637,204.84488613007406,delta_corrected
env_scientist/level4,env_scientist,HCAST,baseline,1,0.9998787879000001,247.834,299.0,0.8448861300740637,299.8448861300741,delta_corrected
env_scientist/level5,env_scientist,HCAST,baseline,1,0.9996666667,58.738,49.0,0.16910962969029397,49.1691096296903,delta_corrected
env_scientist/level5,env_scientist,HCAST,baseline,1,0.9996363636000001,58.738,70.0,0.16910962969029397,70.1691096296903,delta_corrected
env_scientist/level5,env_scientist,HCAST,baseline,0,0.9897474747,58.738,110.0,0.16910962969029397,110.1691096296903,delta_imputed_failure
env_scientist/level6,env_scientist,HCAST,baseline,1,0.9997474747,171.412,148.0,0.22549969331880415,148.2254996933188,delta_corrected
env_scientist/level6,env_scientist,HCAST,baseline,1,0.9999191919,171.412,198.0,0.22549969331880415,198.2254996933188,delta_corrected
env_scientist/level6,env_scientist,HCAST,baseline,0,0.0,171.412,485.0,0.22549969331880415,485.2254996933188,delta_imputed_failure
env_scientist/level7,env_scientist,HCAST,estimate,0,0.0,665.0,106.0,,106.0,uncorrected_no_delta
env_scientist/level7,env_scientist,HCAST,estimate,0,0.0,665.0,222.0,,222.0,uncorrected_no_delta
env_scientist/level7,env_scientist,HCAST,estimate,0,0.9782828283,665.0,287.0,,287.0,uncorrected_no_delta
env_scientist/level7,env_scientist,HCAST,estimate,0,0.9819494949,665.0,374.0,,374.0,uncorrected_no_delta
esolang/broccoli_collatz,esolang,HCAST,baseline,1,1.0,35.078,14.0,0.33054570860251903,14.33054570860252,delta_corrected
esolang/broccoli_collatz,esolang,HCAST,baseline,1,1.0,35.078,20.0,0.33054570860251903,20.330545708602518,delta_corrected
esolang/broccoli_collatz,esolang,HCAST,baseline,1,1.0,35.078,21.0,0.33054570860251903,21.330545708602518,delta_corrected
esolang/broccoli_collatz,esolang,HCAST,baseline,1,1.0,35.078,32.0,0.33054570860251903,32.33054570860252,delta_corrected
esolang/broccoli_collatz,esolang,HCAST,baseline,0,0.0,35.078,145.0,0.33054570860251903,145.33054570860253,delta_imputed_failure
esolang/broccoli_collatz,esolang,HCAST,baseline,1,1.0,35.078,264.0,0.33054570860251903,264.33054570860253,delta_corrected
esolang/broccoli_fibonacci,esolang,HCAST,baseline,0,0.0,24.396,15.0,0.32614571747700677,15.326145717477006,delta_imputed_failure
esolang/broccoli_fibonacci,esolang,HCAST,baseline,1,1.0,24.396,16.0,0.32614571747700677,16.326145717477008,delta_corrected
esolang/broccoli_fibonacci,esolang,HCAST,baseline,0,0.0,24.396,16.0,0.32614571747700677,16.326145717477008,delta_imputed_failure
esolang/broccoli_fibonacci,esolang,HCAST,baseline,1,1.0,24.396,29.0,0.32614571747700677,29.326145717477008,delta_corrected
esolang/broccoli_fibonacci,esolang,HCAST,baseline,1,1.0,24.396,30.0,0.32614571747700677,30.326145717477008,delta_corrected
file_recovery/default,file_recovery,HCAST,baseline,1,1.0,345.617,191.0,0.509608270451422,191.50960827045142,delta_corrected
file_recovery/default,file_recovery,HCAST,baseline,0,0.0,345.617,415.0,0.509608270451422,415.5096082704514,delta_imputed_failure
file_recovery/default,file_recovery,HCAST,baseline,1,1.0,345.617,450.0,0.509608270451422,450.5096082704514,delta_corrected
file_recovery/default,file_recovery,HCAST,baseline,1,1.0,345.617,478.0,0.509608270451422,478.5096082704514,delta_corrected
file_selection/find_cache_file,file_selection,SWAA,baseline,1,1.0,0.058320992,0.05635,0.0,0.05635,swaa_exact
file_selection/find_cache_file,file_selection,SWAA,baseline,1,1.0,0.058320992,0.06886666666666667,0.0,0.06886666666666667,swaa_exact
file_selection/find_cache_file,file_selection,SWAA,baseline,1,1.0,0.058320992,0.06196666666666667,0.0,0.06196666666666667,swaa_exact
file_selection/find_cache_file,file_selection,SWAA,baseline,1,1.0,0.058320992,0.0481,0.0,0.0481,swaa_exact
file_selection/find_config_file,file_selection,SWAA,baseline,1,1.0,0.0470904651,0.05093333333333333,0.0,0.05093333333333333,swaa_exact
file_selection/find_config_file,file_selection,SWAA,baseline,1,1.0,0.0470904651,0.05371666666666667,0.0,0.05371666666666667,swaa_exact
file_selection/find_config_file,file_selection,SWAA,baseline,1,1.0,0.0470904651,0.038816666666666666,0.0,0.038816666666666666,swaa_exact
file_selection/find_config_file,file_selection,SWAA,baseline,1,1.0,0.0470904651,0.04633333333333333,0.0,0.04633333333333333,swaa_exact
file_selection/find_css_file,file_selection,SWAA,baseline,1,1.0,0.0525742238,0.08838333333333333,0.0,0.08838333333333333,swaa_exact
file_selection/find_css_file,file_selection,SWAA,baseline,1,1.0,0.0525742238,0.04728333333333333,0.0,0.04728333333333333,swaa_exact
file_selection/find_css_file,file_selection,SWAA,baseline,1,1.0,0.0525742238,0.0483,0.0,0.0483,swaa_exact
file_selection/find_css_file,file_selection,SWAA,baseline,1,1.0,0.0525742238,0.03783333333333333,0.0,0.03783333333333333,swaa_exact
file_selection/find_docker_file,file_selection,SWAA,baseline,1,1.0,0.0686250355,0.09535,0.0,0.09535,swaa_exact
file_selection/find_docker_file,file_selection,SWAA,baseline,1,1.0,0.0686250355,0.05316666666666667,0.0,0.05316666666666667,swaa_exact
file_selection/find_docker_file,file_selection,SWAA,baseline,1,1.0,0.0686250355,0.04526666666666666,0.0,0.04526666666666666,swaa_exact
file_selection/find_docker_file,file_selection,SWAA,baseline,1,1.0,0.0686250355,0.0967,0.0,0.0967,swaa_exact
file_selection/find_env_file,file_selection,SWAA,baseline,1,1.0,0.0540778269,0.0875,0.0,0.0875,swaa_exact
file_selection/find_env_file,file_selection,SWAA,baseline,1,1.0,0.0540778269,0.04041666666666666,0.0,0.04041666666666666,swaa_exact
file_selection/find_env_file,file_selection,SWAA,baseline,1,1.0,0.0540778269,0.04501666666666667,0.0,0.04501666666666667,swaa_exact
file_selection/find_env_file,file_selection,SWAA,baseline,1,1.0,0.0540778269,0.05371666666666667,0.0,0.05371666666666667,swaa_exact
file_selection/find_image,file_selection,SWAA,baseline,1,1.0,0.042480995800000004,0.05201666666666667,0.0,0.05201666666666667,swaa_exact
file_selection/find_image,file_selection,SWAA,baseline,1,1.0,0.042480995800000004,0.057716666666666666,0.0,0.057716666666666666,swaa_exact
file_selection/find_image,file_selection,SWAA,baseline,1,1.0,0.042480995800000004,0.0293,0.0,0.0293,swaa_exact
file_selection/find_image,file_selection,SWAA,baseline,1,1.0,0.042480995800000004,0.03701666666666667,0.0,0.03701666666666667,swaa_exact
file_selection/find_json_data,file_selection,SWAA,baseline,1,1.0,0.0375325306,0.04526666666666666,0.0,0.04526666666666666,swaa_exact
file_selection/find_json_data,file_selection,SWAA,baseline,1,1.0,0.0375325306,0.029416666666666667,0.0,0.029416666666666667,swaa_exact
file_selection/find_json_data,file_selection,SWAA,baseline,1,1.0,0.0375325306,0.04155,0.0,0.04155,swaa_exact
file_selection/find_json_data,file_selection,SWAA,baseline,1,1.0,0.0375325306,0.0359,0.0,0.0359,swaa_exact
file_selection/find_log_file,file_selection,SWAA,baseline,1,1.0,0.06381387420000001,0.09358333333333334,0.0,0.09358333333333334,swaa_exact
file_selection/find_log_file,file_selection,SWAA,baseline,1,1.0,0.06381387420000001,0.0624,0.0,0.0624,swaa_exact
file_selection/find_log_file,file_selection,SWAA,baseline,1,1.0,0.06381387420000001,0.0609,0.0,0.0609,swaa_exact
file_selection/find_log_file,file_selection,SWAA,baseline,1,1.0,0.06381387420000001,0.04663333333333333,0.0,0.04663333333333333,swaa_exact
file_selection/find_main_file,file_selection,SWAA,baseline,1,1.0,0.061190799000000004,0.10253333333333334,0.0,0.10253333333333334,swaa_exact
file_selection/find_main_file,file_selection,SWAA,baseline,1,1.0,0.061190799000000004,0.04688333333333333,0.0,0.04688333333333333,swaa_exact
file_selection/find_main_file,file_selection,SWAA,baseline,1,1.0,0.061190799000000004,0.05918333333333333,0.0,0.05918333333333333,swaa_exact
file_selection/find_main_file,file_selection,SWAA,baseline,1,1.0,0.061190799000000004,0.04928333333333333,0.0,0.04928333333333333,swaa_exact
file_selection/find_password_file,file_selection,SWAA,baseline,1,1.0,0.055194829200000003,0.0618,0.0,0.0618,swaa_exact
file_selection/find_password_file,file_selection,SWAA,baseline,1,1.0,0.055194829200000003,0.05193333333333333,0.0,0.05193333333333333,swaa_exact
file_selection/find_password_file,file_selection,SWAA,baseline,1,1.0,0.055194829200000003,0.04811666666666667,0.0,0.04811666666666667,swaa_exact
file_selection/find_password_file,file_selection,SWAA,baseline,1,1.0,0.055194829200000003,0.060083333333333336,0.0,0.060083333333333336,swaa_exact
file_selection/find_readme,file_selection,SWAA,baseline,0,0.0,0.0647069487,0.12158333333333333,0.0,0.12158333333333333,swaa_exact
file_selection/find_readme,file_selection,SWAA,baseline,1,1.0,0.0647069487,0.022733333333333335,0.0,0.022733333333333335,swaa_exact
file_selection/find_readme,file_selection,SWAA,baseline,1,1.0,0.0647069487,0.09216666666666666,0.0,0.09216666666666666,swaa_exact
file_selection/find_readme,file_selection,SWAA,baseline,1,1.0,0.0647069487,0.12941666666666668,0.0,0.12941666666666668,swaa_exact
file_selection/find_requirements_file,file_selection,SWAA,baseline,1,1.0,0.059336352200000005,0.1063,0.0,0.1063,swaa_exact
file_selection/find_requirements_file,file_selection,SWAA,baseline,1,1.0,0.059336352200000005,0.0276,0.0,0.0276,swaa_exact
file_selection/find_requirements_file,file_selection,SWAA,baseline,1,1.0,0.059336352200000005,0.046483333333333335,0.0,0.046483333333333335,swaa_exact
file_selection/find_requirements_file,file_selection,SWAA,baseline,1,1.0,0.059336352200000005,0.09096666666666667,0.0,0.09096666666666667,swaa_exact
file_selection/find_shell_script,file_selection,SWAA,baseline,1,1.0,0.0433995898,0.04621666666666667,0.0,0.04621666666666667,swaa_exact
file_selection/find_shell_script,file_selection,SWAA,baseline,1,1.0,0.0433995898,0.04231666666666667,0.0,0.04231666666666667,swaa_exact
file_selection/find_shell_script,file_selection,SWAA,baseline,1,1.0,0.0433995898,0.041716666666666666,0.0,0.041716666666666666,swaa_exact
file_selection/find_shell_script,file_selection,SWAA,baseline,1,1.0,0.0433995898,0.04348333333333333,0.0,0.04348333333333333,swaa_exact
file_selection/identify_binary_file,file_selection,SWAA,baseline,0,0.0,0.0807100659,0.07523333333333333,0.0,0.07523333333333333,swaa_exact
file_selection/identify_binary_file,file_selection,SWAA,baseline,1,1.0,0.0807100659,0.09961666666666667,0.0,0.09961666666666667,swaa_exact
file_selection/identify_binary_file,file_selection,SWAA,baseline,1,1.0,0.0807100659,0.08333333333333333,0.0,0.08333333333333333,swaa_exact
file_selection/identify_binary_file,file_selection,SWAA,baseline,1,1.0,0.0807100659,0.06335,0.0,0.06335,swaa_exact
file_selection/identify_dependency_file,file_selection,SWAA,baseline,1,1.0,0.0678231713,0.1123,0.0,0.1123,swaa_exact
file_selection/identify_dependency_file,file_selection,SWAA,baseline,1,1.0,0.0678231713,0.06245,0.0,0.06245,swaa_exact
file_selection/identify_dependency_file,file_selection,SWAA,baseline,1,1.0,0.0678231713,0.04593333333333333,0.0,0.04593333333333333,swaa_exact
file_selection/identify_dependency_file,file_selection,SWAA,baseline,1,1.0,0.0678231713,0.0657,0.0,0.0657,swaa_exact
file_selection/identify_executable,file_selection,SWAA,baseline,1,1.0,0.0428509189,0.0381,0.0,0.0381,swaa_exact
file_selection/identify_executable,file_selection,SWAA,baseline,1,1.0,0.0428509189,0.04321666666666667,0.0,0.04321666666666667,swaa_exact
file_selection/identify_executable,file_selection,SWAA,baseline,1,1.0,0.0428509189,0.04151666666666667,0.0,0.04151666666666667,swaa_exact
file_selection/identify_executable,file_selection,SWAA,baseline,1,1.0,0.0428509189,0.04928333333333333,0.0,0.04928333333333333,swaa_exact
file_selection/identify_git_ignore,file_selection,SWAA,baseline,1,1.0,0.0441631174,0.05421666666666667,0.0,0.05421666666666667,swaa_exact
file_selection/identify_git_ignore,file_selection,SWAA,baseline,1,1.0,0.0441631174,0.040516666666666666,0.0,0.040516666666666666,swaa_exact
file_selection/identify_git_ignore,file_selection,SWAA,baseline,1,1.0,0.0441631174,0.036833333333333336,0.0,0.036833333333333336,swaa_exact
file_selection/identify_git_ignore,file_selection,SWAA,baseline,1,1.0,0.0441631174,0.046983333333333335,0.0,0.046983333333333335,swaa_exact
file_selection/identify_python_file,file_selection,SWAA,baseline,1,1.0,0.0947065336,0.10003333333333334,0.0,0.10003333333333334,swaa_exact
file_selection/identify_python_file,file_selection,SWAA,baseline,1,1.0,0.0947065336,0.0831,0.0,0.0831,swaa_exact
file_selection/identify_python_file,file_selection,SWAA,baseline,1,1.0,0.0947065336,0.09208333333333334,0.0,0.09208333333333334,swaa_exact
file_selection/identify_python_file,file_selection,SWAA,baseline,1,1.0,0.0947065336,0.1051,0.0,0.1051,swaa_exact
file_selection/identify_python_package,file_selection,SWAA,baseline,1,1.0,0.0807477373,0.08783333333333333,0.0,0.08783333333333333,swaa_exact
file_selection/identify_python_package,file_selection,SWAA,baseline,1,1.0,0.0807477373,0.06446666666666667,0.0,0.06446666666666667,swaa_exact
file_selection/identify_python_package,file_selection,SWAA,baseline,1,1.0,0.0807477373,0.08211666666666667,0.0,0.08211666666666667,swaa_exact
file_selection/identify_python_package,file_selection,SWAA,baseline,1,1.0,0.0807477373,0.09145,0.0,0.09145,swaa_exact
file_selection/identify_test_file,file_selection,SWAA,baseline,1,1.0,0.0678048301,0.0477,0.0,0.0477,swaa_exact
file_selection/identify_test_file,file_selection,SWAA,baseline,1,1.0,0.0678048301,0.09648333333333334,0.0,0.09648333333333334,swaa_exact
file_selection/identify_test_file,file_selection,SWAA,baseline,1,1.0,0.0678048301,0.06415,0.0,0.06415,swaa_exact
file_selection/identify_test_file,file_selection,SWAA,baseline,1,1.0,0.0678048301,0.0716,0.0,0.0716,swaa_exact
gaia/0a3cd321,gaia,HCAST,baseline,1,1.0,18.037,9.0,0.4350375612852769,9.435037561285277,delta_corrected
gaia/0a3cd321,gaia,HCAST,baseline,0,0.0,18.037,9.0,0.4350375612852769,9.435037561285277,delta_imputed_failure
gaia/0a3cd321,gaia,HCAST,baseline,1,1.0,18.037,20.0,0.4350375612852769,20.435037561285277,delta_corrected
gaia/0a3cd321,gaia,HCAST,baseline,1,1.0,18.037,30.0,0.4350375612852769,30.435037561285277,delta_corrected
gaia/0a3cd321,gaia,HCAST,baseline,0,0.0,18.037,43.0,0.4350375612852769,43.43503756128528,delta_imputed_failure
gaia/0a3cd321,gaia,HCAST,baseline,0,0.0,18.037,117.0,0.4350375612852769,117.43503756128527,delta_imputed_failure
gaia/0a3cd321,gaia,HCAST,baseline,0,0.0,18.037,127.0,0.4350375612852769,127.43503756128527,delta_imputed_failure
gsm_8k/sd_f_hinted_turbo_format,gsm_8k,HCAST,estimate,0,0.0,360.0,0.0,,0.0,uncorrected_no_delta
gsm_8k/sd_f_hinted_turbo_format,gsm_8k,HCAST,estimate,0,0.0,360.0,251.0,,251.0,uncorrected_no_delta
gsm_8k/sd_f_hinted_turbo_format,gsm_8k,HCAST,estimate,0,0.0,360.0,435.0,,435.0,uncorrected_no_delta
hack_container/default,hack_container,HCAST,baseline,1,1.0,208.776,208.0,0.7759999999999585,208.77599999999995,delta_corrected
hypothesis_testing/mystery_function_1,hypothesis_testing,HCAST,baseline,1,1.0,9.007,7.0,0.6310486254318015,7.631048625431801,delta_corrected
hypothesis_testing/mystery_function_1,hypothesis_testing,HCAST,baseline,1,1.0,9.007,10.0,0.6310486254318015,10.631048625431802,delta_corrected
hypothesis_testing/mystery_function_2,hypothesis_testing,HCAST,baseline,1,1.0,14.499,5.0,0.7243021322257016,5.724302132225701,delta_corrected
hypothesis_testing/mystery_function_2,hypothesis_testing,HCAST,baseline,0,0.0,14.499,21.0,0.7243021322257016,21.724302132225702,delta_imputed_failure
hypothesis_testing/mystery_function_2,hypothesis_testing,HCAST,baseline,1,1.0,14.499,36.0,0.7243021322257016,36.7243021322257,delta_corrected
hypothesis_testing/mystery_function_4,hypothesis_testing,HCAST,baseline,1,1.0,10.153,7.0,0.32445014086740726,7.324450140867407,delta_corrected
hypothesis_testing/mystery_function_4,hypothesis_testing,HCAST,baseline,1,1.0,10.153,9.0,0.32445014086740726,9.324450140867407,delta_corrected
hypothesis_testing/mystery_function_4,hypothesis_testing,HCAST,baseline,1,1.0,10.153,15.0,0.32445014086740726,15.324450140867407,delta_corrected
hypothesis_testing/mystery_function_5,hypothesis_testing,HCAST,baseline,1,1.0,27.769,18.0,0.4409143982405658,18.440914398240565,delta_corrected
hypothesis_testing/mystery_function_5,hypothesis_testing,HCAST,baseline,1,1.0,27.769,29.0,0.4409143982405658,29.440914398240565,delta_corrected
hypothesis_testing/mystery_function_5,hypothesis_testing,HCAST,baseline,0,0.0,27.769,36.0,0.4409143982405658,36.440914398240565,delta_imputed_failure
hypothesis_testing/mystery_function_5,hypothesis_testing,HCAST,baseline,1,1.0,27.769,39.0,0.4409143982405658,39.440914398240565,delta_corrected
hypothesis_testing/mystery_function_6,hypothesis_testing,HCAST,baseline,0,0.0,49.354,24.0,0.6005201064382107,24.60052010643821,delta_imputed_failure
hypothesis_testing/mystery_function_6,hypothesis_testing,HCAST,baseline,1,1.0,49.354,30.0,0.6005201064382107,30.60052010643821,delta_corrected
hypothesis_testing/mystery_function_6,hypothesis_testing,HCAST,baseline,1,1.0,49.354,79.0,0.6005201064382107,79.60052010643821,delta_corrected
hypothesis_testing/mystery_function_8,hypothesis_testing,HCAST,baseline,1,1.0,14.773,11.0,0.3906894036946053,11.390689403694605,delta_corrected
hypothesis_testing/mystery_function_8,hypothesis_testing,HCAST,baseline,1,1.0,14.773,15.0,0.3906894036946053,15.390689403694605,delta_corrected
hypothesis_testing/mystery_function_8,hypothesis_testing,HCAST,baseline,1,1.0,14.773,18.0,0.3906894036946053,18.390689403694605,delta_corrected
iclr_authors/notable-top-25,iclr_authors,HCAST,baseline,0,0.6900000000000001,1111.887,155.0,0.7402118527828262,155.74021185278283,delta_imputed_failure
iclr_authors/notable-top-25,iclr_authors,HCAST,baseline,0,0.795,1111.887,282.0,0.7402118527828262,282.7402118527828,delta_imputed_failure
iclr_authors/notable-top-25,iclr_authors,HCAST,baseline,0,0.5,1111.887,322.0,0.7402118527828262,322.7402118527828,delta_imputed_failure
iclr_authors/notable-top-25,iclr_authors,HCAST,baseline,1,0.84,1111.887,1012.0,0.7402118527828262,1012.7402118527829,delta_corrected
iclr_authors/notable-top-25,iclr_authors,HCAST,baseline,1,0.86,1111.887,1220.0,0.7402118527828262,1220.7402118527827,delta_corrected
iclr_authors/notable-top-5,iclr_authors,HCAST,baseline,0,0.793,391.386,176.0,0.3862905301356901,176.38629053013568,delta_imputed_failure
iclr_authors/notable-top-5,iclr_authors,HCAST,baseline,0,0.52,391.386,187.0,0.3862905301356901,187.38629053013568,delta_imputed_failure
iclr_authors/notable-top-5,iclr_authors,HCAST,baseline,1,0.875,391.386,364.0,0.3862905301356901,364.3862905301357,delta_corrected
iclr_authors/notable-top-5,iclr_authors,HCAST,baseline,1,0.8180000000000001,391.386,420.0,0.3862905301356901,420.3862905301357,delta_corrected
iclr_authors/notable-top-5,iclr_authors,HCAST,baseline,0,0.675,391.386,7597.0,0.3862905301356901,7597.386290530136,delta_imputed_failure
iclr_authors/poster,iclr_authors,HCAST,baseline,0,0.5,521.525,117.0,0.5250000000000477,117.52500000000005,delta_imputed_failure
iclr_authors/poster,iclr_authors,HCAST,baseline,0,0.5,521.525,304.0,0.5250000000000477,304.52500000000003,delta_imputed_failure
iclr_authors/poster,iclr_authors,HCAST,baseline,1,0.87,521.525,521.0,0.5250000000000477,521.5250000000001,delta_corrected
iclr_authors/poster,iclr_authors,HCAST,baseline,0,0.76,521.525,701.0,0.5250000000000477,701.5250000000001,delta_imputed_failure
image_labeling/bouba_kiki_gradients,image_labeling,HCAST,estimate,0,0.0,480.0,126.0,,126.0,uncorrected_no_delta
image_labeling/bouba_kiki_gradients,image_labeling,HCAST,estimate,0,0.6000000000000001,480.0,170.0,,170.0,uncorrected_no_delta
image_labeling/bouba_kiki_gradients,image_labeling,HCAST,estimate,0,0.0,480.0,428.0,,428.0,uncorrected_no_delta
image_labeling/bouba_kiki_gradients,image_labeling,HCAST,estimate,0,0.0,480.0,599.0,,599.0,uncorrected_no_delta
image_labeling/bouba_kiki_gradients,image_labeling,HCAST,estimate,0,0.04,480.0,975.0,,975.0,uncorrected_no_delta
image_labeling/layered_squares,image_labeling,HCAST,baseline,1,1.0,87.306,32.0,0.14244366469283387,32.142443664692834,delta_corrected
image_labeling/layered_squares,image_labeling,HCAST,baseline,1,1.0,87.306,237.0,0.14244366469283387,237.14244366469282,delta_corrected
image_labeling/layered_squares,image_labeling,HCAST,baseline,0,0.0,87.306,540.0,0.14244366469283387,540.1424436646928,delta_imputed_failure
image_labeling/spiral_angle,image_labeling,HCAST,baseline,0,0.38867924530000003,146.547,113.0,0.5470000000000207,113.54700000000003,delta_imputed_failure
image_labeling/spiral_angle,image_labeling,HCAST,baseline,1,1.0,146.547,146.0,0.5470000000000207,146.54700000000003,delta_corrected
image_labeling/spiral_angle,image_labeling,HCAST,baseline,0,0.38867924530000003,146.547,192.0,0.5470000000000207,192.54700000000003,delta_imputed_failure
interpret_data/ecommerce_biggest_order,interpret_data,HCAST,baseline,1,1.0,10.735,8.0,0.4257306977138411,8.425730697713842,delta_corrected
interpret_data/ecommerce_biggest_order,interpret_data,HCAST,baseline,1,1.0,10.735,8.0,0.4257306977138411,8.425730697713842,delta_corrected
interpret_data/ecommerce_biggest_order,interpret_data,HCAST,baseline,1,1.0,10.735,17.0,0.4257306977138411,17.425730697713842,delta_corrected
interpret_data/ecommerce_popular_products,interpret_data,HCAST,baseline,1,1.0,18.477,8.0,0.44975621330603427,8.449756213306035,delta_corrected
interpret_data/ecommerce_popular_products,interpret_data,HCAST,baseline,1,1.0,18.477,16.0,0.44975621330603427,16.449756213306035,delta_corrected
interpret_data/ecommerce_popular_products,interpret_data,HCAST,baseline,1,1.0,18.477,18.0,0.44975621330603427,18.449756213306035,delta_corrected
interpret_data/ecommerce_popular_products,interpret_data,HCAST,baseline,1,1.0,18.477,45.0,0.44975621330603427,45.44975621330603,delta_corrected
interpret_data/ecommerce_spent_most,interpret_data,HCAST,baseline,1,1.0,12.81,6.0,0.7176804467741333,6.717680446774134,delta_corrected
interpret_data/ecommerce_spent_most,interpret_data,HCAST,baseline,1,1.0,12.81,16.0,0.7176804467741333,16.717680446774132,delta_corrected
interpret_data/ecommerce_spent_most,interpret_data,HCAST,baseline,1,1.0,12.81,18.0,0.7176804467741333,18.717680446774132,delta_corrected
local_research/atari_epochs,local_research,HCAST,baseline,1,1.0,6.393,1.0,0.30072825863992986,1.3007282586399298,delta_corrected
local_research/atari_epochs,local_research,HCAST,baseline,1,1.0,6.393,2.0,0.30072825863992986,2.30072825863993,delta_corrected
local_research/atari_epochs,local_research,HCAST,baseline,1,1.0,6.393,5.0,0.30072825863992986,5.30072825863993,delta_corrected
local_research/atari_epochs,local_research,HCAST,baseline,1,1.0,6.393,105.0,0.30072825863992986,105.30072825863994,delta_corrected
local_research/which_does_worse,local_research,HCAST,baseline,1,1.0,20.227,4.0,0.08772915956310937,4.08772915956311,delta_corrected
local_research/which_does_worse,local_research,HCAST,baseline,0,0.0,20.227,67.0,0.08772915956310937,67.08772915956311,delta_imputed_failure
local_research/which_does_worse,local_research,HCAST,baseline,1,1.0,20.227,100.0,0.08772915956310937,100.08772915956311,delta_corrected
local_research_tex/33b_better_than_65b,local_research_tex,HCAST,baseline,1,1.0,24.28,6.0,0.21937878647362732,6.219378786473627,delta_corrected
local_research_tex/33b_better_than_65b,local_research_tex,HCAST,baseline,1,1.0,24.28,12.0,0.21937878647362732,12.219378786473627,delta_corrected
local_research_tex/33b_better_than_65b,local_research_tex,HCAST,baseline,1,1.0,24.28,23.0,0.21937878647362732,23.219378786473627,delta_corrected
local_research_tex/33b_better_than_65b,local_research_tex,HCAST,baseline,1,1.0,24.28,50.0,0.21937878647362732,50.21937878647363,delta_corrected
local_research_tex/33b_better_than_65b,local_research_tex,HCAST,baseline,1,1.0,24.28,95.0,0.21937878647362732,95.21937878647363,delta_corrected
local_research_tex/ar_report,local_research_tex,HCAST,baseline,1,1.0,23.678,11.0,0.2831408752500388,11.283140875250039,delta_corrected
local_research_tex/ar_report,local_research_tex,HCAST,baseline,1,1.0,23.678,22.0,0.2831408752500388,22.283140875250037,delta_corrected
local_research_tex/ar_report,local_research_tex,HCAST,baseline,1,1.0,23.678,30.0,0.2831408752500388,30.283140875250037,delta_corrected
local_research_tex/ar_report,local_research_tex,HCAST,baseline,1,1.0,23.678,41.0,0.2831408752500388,41.28314087525004,delta_corrected
local_research_tex/more_bias,local_research_tex,HCAST,baseline,1,1.0,35.345,7.0,0.5463403327951251,7.5463403327951255,delta_corrected
local_research_tex/more_bias,local_research_tex,HCAST,baseline,1,1.0,35.345,165.0,0.5463403327951251,165.54634033279513,delta_corrected
make_web_server/exp_last_digit,make_web_server,HCAST,baseline,0,0.0,31.392,14.0,0.3919999999999992,14.392,delta_imputed_failure
make_web_server/exp_last_digit,make_web_server,HCAST,baseline,0,0.0,31.392,26.0,0.3919999999999992,26.392,delta_imputed_failure
make_web_server/exp_last_digit,make_web_server,HCAST,baseline,0,0.0,31.392,30.0,0.3919999999999992,30.392,delta_imputed_failure
make_web_server/exp_last_digit,make_web_server,HCAST,baseline,1,1.0,31.392,31.0,0.3919999999999992,31.392,delta_corrected
make_web_server/exp_last_digit,make_web_server,HCAST,baseline,0,0.0,31.392,56.0,0.3919999999999992,56.391999999999996,delta_imputed_failure
make_web_server/exp_last_digit,make_web_server,HCAST,baseline,0,0.0,31.392,79.0,0.3919999999999992,79.392,delta_imputed_failure
make_web_server/hello,make_web_server,HCAST,baseline,1,1.0,14.737,3.0,0.8656285084277113,3.8656285084277116,delta_corrected
make_web_server/hello,make_web_server,HCAST,baseline,0,0.0,14.737,7.0,0.8656285084277113,7.8656285084277116,delta_imputed_failure
make_web_server/hello,make_web_server,HCAST,baseline,1,1.0,14.737,21.0,0.8656285084277113,21.86562850842771,delta_corrected
make_web_server/hello,make_web_server,HCAST,baseline,1,1.0,14.737,37.0,0.8656285084277113,37.86562850842771,delta_corrected
multiarmed_bandit/explore_first,multiarmed_bandit,HCAST,baseline,0,0.8912903791000001,52.14,6.0,0.13999999999999718,6.139999999999997,delta_imputed_failure
multiarmed_bandit/explore_first,multiarmed_bandit,HCAST,baseline,0,0.8036684386,52.14,38.0,0.13999999999999718,38.14,delta_imputed_failure
multiarmed_bandit/explore_first,multiarmed_bandit,HCAST,baseline,0,0.7160464980000001,52.14,38.0,0.13999999999999718,38.14,delta_imputed_failure
multiarmed_bandit/explore_first,multiarmed_bandit,HCAST,baseline,1,1.0,52.14,52.0,0.13999999999999718,52.14,delta_corrected
munge_data/chess,munge_data,HCAST,baseline,0,0.0,47.284,18.0,0.37511520612771,18.37511520612771,delta_imputed_failure
munge_data/chess,munge_data,HCAST,baseline,1,1.0,47.284,40.0,0.37511520612771,40.37511520612771,delta_corrected
munge_data/chess,munge_data,HCAST,baseline,1,1.0,47.284,55.0,0.37511520612771,55.37511520612771,delta_corrected
munge_data/easy,munge_data,HCAST,baseline,1,1.0,39.155,37.0,0.6837214286749467,37.68372142867495,delta_corrected
munge_data/easy,munge_data,HCAST,baseline,1,1.0,39.155,40.0,0.6837214286749467,40.68372142867495,delta_corrected
munge_data/easy,munge_data,HCAST,baseline,0,0.0,39.155,42.0,0.6837214286749467,42.68372142867495,delta_imputed_failure
munge_data/trajectories,munge_data,HCAST,baseline,1,1.0,129.285,101.0,0.18637777565688893,101.1863777756569,delta_corrected
munge_data/trajectories,munge_data,HCAST,baseline,0,0.0,129.285,165.0,0.18637777565688893,165.1863777756569,delta_imputed_failure
munge_data/trajectories,munge_data,HCAST,baseline,1,1.0,129.285,165.0,0.18637777565688893,165.1863777756569,delta_corrected
munge_data/very_easy,munge_data,HCAST,baseline,1,1.0,8.124,3.0,0.723776200573995,3.723776200573995,delta_corrected
munge_data/very_easy,munge_data,HCAST,baseline,1,1.0,8.124,17.0,0.723776200573995,17.723776200573994,delta_corrected
number_list_steganography/level1,number_list_steganography,HCAST,baseline,0,0.4757761368,243.0,57.0,0.0,57.0,delta_imputed_failure
number_list_steganography/level1,number_list_steganography,HCAST,baseline,0,0.0,243.0,136.0,0.0,136.0,delta_imputed_failure
number_list_steganography/level1,number_list_steganography,HCAST,baseline,1,0.9996249082,243.0,243.0,0.0,243.0,delta_corrected
number_list_steganography/level2,number_list_steganography,HCAST,baseline,1,0.64,163.515,92.0,0.8770081312341655,92.87700813123416,delta_corrected
number_list_steganography/level2,number_list_steganography,HCAST,baseline,1,0.589,163.515,287.0,0.8770081312341655,287.87700813123416,delta_corrected
number_list_steganography/level2,number_list_steganography,HCAST,baseline,0,0.0,163.515,359.0,0.8770081312341655,359.87700813123416,delta_imputed_failure
number_list_steganography/level2,number_list_steganography,HCAST,baseline,0,0.0,163.515,519.0,0.8770081312341655,519.8770081312342,delta_imputed_failure
number_list_steganography/level3,number_list_steganography,HCAST,baseline,1,0.9799931695,184.604,184.0,0.6040000000000612,184.60400000000007,delta_corrected
oxdna_simple/default,oxdna_simple,HCAST,baseline,1,1.0,8.678,4.0,0.15747966648014414,4.157479666480144,delta_corrected
oxdna_simple/default,oxdna_simple,HCAST,baseline,1,1.0,8.678,6.0,0.15747966648014414,6.157479666480144,delta_corrected
oxdna_simple/default,oxdna_simple,HCAST,baseline,1,1.0,8.678,8.0,0.15747966648014414,8.157479666480144,delta_corrected
oxdna_simple/default,oxdna_simple,HCAST,baseline,1,1.0,8.678,27.0,0.15747966648014414,27.157479666480143,delta_corrected
password_check/1,password_check,HCAST,baseline,1,1.0,0.9540000000000001,0.0,0.9540000000000001,0.9540000000000001,delta_corrected
password_check/2,password_check,HCAST,baseline,1,1.0,2.102,2.0,0.10199999999999977,2.102,delta_corrected
password_check/2,password_check,HCAST,baseline,0,0.0,2.102,56.0,0.10199999999999977,56.102,delta_imputed_failure
password_check/3,password_check,HCAST,baseline,1,1.0,6.517,6.0,0.5170000000000412,6.517000000000041,delta_corrected
password_check/4,password_check,HCAST,baseline,1,1.0,8.152,8.0,0.15199999999999783,8.151999999999997,delta_corrected
password_check/5,password_check,HCAST,baseline,1,1.0,20.924,20.0,0.9240000000000029,20.924000000000003,delta_corrected
password_check/7,password_check,HCAST,baseline,1,1.0,32.44,32.0,0.4399999999999972,32.44,delta_corrected
pico_ctf/104_nohint_no_internet,pico_ctf,HCAST,baseline,1,1.0,13.87,1.0,0.45409172368526085,1.4540917236852609,delta_corrected
pico_ctf/104_nohint_no_internet,pico_ctf,HCAST,baseline,1,1.0,13.87,5.0,0.45409172368526085,5.454091723685261,delta_corrected
pico_ctf/104_nohint_no_internet,pico_ctf,HCAST,baseline,1,1.0,13.87,46.0,0.45409172368526085,46.45409172368526,delta_corrected
pico_ctf/104_nohint_no_internet,pico_ctf,HCAST,baseline,1,1.0,13.87,100.0,0.45409172368526085,100.45409172368527,delta_corrected
pico_ctf/166_no_internet,pico_ctf,HCAST,baseline,1,1.0,6.5280000000000005,1.0,0.5337079083477181,1.533707908347718,delta_corrected
pico_ctf/166_no_internet,pico_ctf,HCAST,baseline,1,1.0,6.5280000000000005,2.0,0.5337079083477181,2.533707908347718,delta_corrected
pico_ctf/166_no_internet,pico_ctf,HCAST,baseline,1,1.0,6.5280000000000005,2.0,0.5337079083477181,2.533707908347718,delta_corrected
pico_ctf/166_no_internet,pico_ctf,HCAST,baseline,1,1.0,6.5280000000000005,2.0,0.5337079083477181,2.533707908347718,delta_corrected
pico_ctf/166_no_internet,pico_ctf,HCAST,baseline,1,1.0,6.5280000000000005,3.0,0.5337079083477181,3.533707908347718,delta_corrected
pico_ctf/166_no_internet,pico_ctf,HCAST,baseline,1,1.0,6.5280000000000005,3.0,0.5337079083477181,3.533707908347718,delta_corrected
pico_ctf/166_no_internet,pico_ctf,HCAST,baseline,1,1.0,6.5280000000000005,4.0,0.5337079083477181,4.5337079083477185,delta_corrected
pico_ctf/166_no_internet,pico_ctf,HCAST,baseline,1,1.0,6.5280000000000005,4.0,0.5337079083477181,4.5337079083477185,delta_corrected
pico_ctf/166_no_internet,pico_ctf,HCAST,baseline,1,1.0,6.5280000000000005,4.0,0.5337079083477181,4.5337079083477185,delta_corrected
pico_ctf/166_no_internet,pico_ctf,HCAST,baseline,1,1.0,6.5280000000000005,4.0,0.5337079083477181,4.5337079083477185,delta_corrected
pico_ctf/166_no_internet,pico_ctf,HCAST,baseline,1,1.0,6.5280000000000005,4.0,0.5337079083477181,4.5337079083477185,delta_corrected
pico_ctf/166_no_internet,pico_ctf,HCAST,baseline,1,1.0,6.5280000000000005,5.0,0.5337079083477181,5.5337079083477185,delta_corrected
pico_ctf/166_no_internet,pico_ctf,HCAST,baseline,1,1.0,6.5280000000000005,6.0,0.5337079083477181,6.5337079083477185,delta_corrected
pico_ctf/166_no_internet,pico_ctf,HCAST,baseline,1,1.0,6.5280000000000005,7.0,0.5337079083477181,7.5337079083477185,delta_corrected
pico_ctf/166_no_internet,pico_ctf,HCAST,baseline,1,1.0,6.5280000000000005,9.0,0.5337079083477181,9.533707908347719,delta_corrected
pico_ctf/166_no_internet,pico_ctf,HCAST,baseline,1,1.0,6.5280000000000005,15.0,0.5337079083477181,15.533707908347719,delta_corrected
pico_ctf/166_no_internet,pico_ctf,HCAST,baseline,1,1.0,6.5280000000000005,20.0,0.5337079083477181,20.53370790834772,delta_corrected
pico_ctf/166_no_internet,pico_ctf,HCAST,baseline,1,1.0,6.5280000000000005,24.0,0.5337079083477181,24.53370790834772,delta_corrected
pico_ctf/166_no_internet,pico_ctf,HCAST,baseline,1,1.0,6.5280000000000005,249.0,0.5337079083477181,249.5337079083477,delta_corrected
pico_ctf/208_no_internet,pico_ctf,HCAST,baseline,1,1.0,84.057,25.0,0.7639261018463438,25.763926101846344,delta_corrected
pico_ctf/208_no_internet,pico_ctf,HCAST,baseline,1,1.0,84.057,140.0,0.7639261018463438,140.76392610184635,delta_corrected
pico_ctf/208_no_internet,pico_ctf,HCAST,baseline,1,1.0,84.057,163.0,0.7639261018463438,163.76392610184635,delta_corrected
pico_ctf/256_no_internet,pico_ctf,HCAST,baseline,1,1.0,4.542,1.0,0.7026217407889598,1.7026217407889597,delta_corrected
pico_ctf/256_no_internet,pico_ctf,HCAST,baseline,1,1.0,4.542,4.0,0.7026217407889598,4.70262174078896,delta_corrected
pico_ctf/256_no_internet,pico_ctf,HCAST,baseline,1,1.0,4.542,11.0,0.7026217407889598,11.70262174078896,delta_corrected
pico_ctf/264_nohint_no_internet,pico_ctf,HCAST,baseline,1,1.0,12.175,7.0,0.5696443386059935,7.569644338605993,delta_corrected
pico_ctf/264_nohint_no_internet,pico_ctf,HCAST,baseline,1,1.0,12.175,13.0,0.5696443386059935,13.569644338605993,delta_corrected
pico_ctf/264_nohint_no_internet,pico_ctf,HCAST,baseline,1,1.0,12.175,17.0,0.5696443386059935,17.569644338605993,delta_corrected
pico_ctf/315_nohint_no_internet,pico_ctf,HCAST,baseline,1,1.0,71.165,30.0,0.5103635532610696,30.51036355326107,delta_corrected
pico_ctf/315_nohint_no_internet,pico_ctf,HCAST,baseline,1,1.0,71.165,48.0,0.5103635532610696,48.51036355326107,delta_corrected
pico_ctf/315_nohint_no_internet,pico_ctf,HCAST,baseline,0,0.0,71.165,109.0,0.5103635532610696,109.51036355326107,delta_imputed_failure
pico_ctf/315_nohint_no_internet,pico_ctf,HCAST,baseline,1,1.0,71.165,243.0,0.5103635532610696,243.51036355326107,delta_corrected
pico_ctf/316_nohint_no_internet,pico_ctf,HCAST,baseline,1,1.0,2.119,1.0,0.27603924014907344,1.2760392401490734,delta_corrected
pico_ctf/316_nohint_no_internet,pico_ctf,HCAST,baseline,0,0.0,2.119,1.0,0.27603924014907344,1.2760392401490734,delta_imputed_failure
pico_ctf/316_nohint_no_internet,pico_ctf,HCAST,baseline,1,1.0,2.119,2.0,0.27603924014907344,2.2760392401490734,delta_corrected
pico_ctf/316_nohint_no_internet,pico_ctf,HCAST,baseline,1,1.0,2.119,3.0,0.27603924014907344,3.2760392401490734,delta_corrected
request_routing/request_routing_10,request_routing,SWAA,baseline,1,1.0,0.15232020870000001,0.20656666666666668,0.0,0.20656666666666668,swaa_exact
request_routing/request_routing_10,request_routing,SWAA,baseline,1,1.0,0.15232020870000001,0.12696666666666667,0.0,0.12696666666666667,swaa_exact
request_routing/request_routing_10,request_routing,SWAA,baseline,1,1.0,0.15232020870000001,0.12721666666666667,0.0,0.12721666666666667,swaa_exact
request_routing/request_routing_10,request_routing,SWAA,baseline,1,1.0,0.15232020870000001,0.16133333333333333,0.0,0.16133333333333333,swaa_exact
request_routing/request_routing_2,request_routing,SWAA,baseline,1,1.0,0.16349003310000002,0.13156666666666667,0.0,0.13156666666666667,swaa_exact
request_routing/request_routing_2,request_routing,SWAA,baseline,1,1.0,0.16349003310000002,0.15746666666666667,0.0,0.15746666666666667,swaa_exact
request_routing/request_routing_2,request_routing,SWAA,baseline,1,1.0,0.16349003310000002,0.1419,0.0,0.1419,swaa_exact
request_routing/request_routing_2,request_routing,SWAA,baseline,1,1.0,0.16349003310000002,0.243,0.0,0.243,swaa_exact
request_routing/request_routing_3,request_routing,SWAA,baseline,1,1.0,0.1317242494,0.13966666666666666,0.0,0.13966666666666666,swaa_exact
request_routing/request_routing_3,request_routing,SWAA,baseline,1,1.0,0.1317242494,0.18568333333333334,0.0,0.18568333333333334,swaa_exact
request_routing/request_routing_3,request_routing,SWAA,baseline,1,1.0,0.1317242494,0.08816666666666667,0.0,0.08816666666666667,swaa_exact
request_routing/request_routing_3,request_routing,SWAA,baseline,0,0.0,0.1317242494,0.08085,0.0,0.08085,swaa_exact
request_routing/request_routing_4,request_routing,SWAA,baseline,1,1.0,0.20568578040000002,0.26021666666666665,0.0,0.26021666666666665,swaa_exact
request_routing/request_routing_4,request_routing,SWAA,baseline,1,1.0,0.20568578040000002,0.21111666666666667,0.0,0.21111666666666667,swaa_exact
request_routing/request_routing_4,request_routing,SWAA,baseline,1,1.0,0.20568578040000002,0.15838333333333332,0.0,0.15838333333333332,swaa_exact
request_routing/request_routing_4,request_routing,SWAA,baseline,0,0.0,0.20568578040000002,0.31656666666666666,0.0,0.31656666666666666,swaa_exact
request_routing/request_routing_5,request_routing,SWAA,baseline,1,1.0,0.1959773784,0.16836666666666666,0.0,0.16836666666666666,swaa_exact
request_routing/request_routing_5,request_routing,SWAA,baseline,1,1.0,0.1959773784,0.17691666666666667,0.0,0.17691666666666667,swaa_exact
request_routing/request_routing_5,request_routing,SWAA,baseline,1,1.0,0.1959773784,0.2527,0.0,0.2527,swaa_exact
request_routing/request_routing_5,request_routing,SWAA,baseline,0,0.0,0.1959773784,0.4629333333333333,0.0,0.4629333333333333,swaa_exact
request_routing/request_routing_6,request_routing,SWAA,baseline,1,1.0,0.2551247971,0.22528333333333334,0.0,0.22528333333333334,swaa_exact
request_routing/request_routing_6,request_routing,SWAA,baseline,1,1.0,0.2551247971,0.2947666666666667,0.0,0.2947666666666667,swaa_exact
request_routing/request_routing_6,request_routing,SWAA,baseline,1,1.0,0.2551247971,0.21498333333333333,0.0,0.21498333333333333,swaa_exact
request_routing/request_routing_6,request_routing,SWAA,baseline,1,1.0,0.2551247971,0.29673333333333335,0.0,0.29673333333333335,swaa_exact
request_routing/request_routing_7,request_routing,SWAA,baseline,1,1.0,0.27370838810000003,0.24638333333333334,0.0,0.24638333333333334,swaa_exact
request_routing/request_routing_7,request_routing,SWAA,baseline,1,1.0,0.27370838810000003,0.44176666666666664,0.0,0.44176666666666664,swaa_exact
request_routing/request_routing_7,request_routing,SWAA,baseline,1,1.0,0.27370838810000003,0.17468333333333333,0.0,0.17468333333333333,swaa_exact
request_routing/request_routing_7,request_routing,SWAA,baseline,1,1.0,0.27370838810000003,0.2951666666666667,0.0,0.2951666666666667,swaa_exact
request_routing/request_routing_8,request_routing,SWAA,baseline,1,1.0,0.2022289853,0.23125,0.0,0.23125,swaa_exact
request_routing/request_routing_8,request_routing,SWAA,baseline,1,1.0,0.2022289853,0.17683333333333334,0.0,0.17683333333333334,swaa_exact
request_routing/request_routing_9,request_routing,SWAA,baseline,1,1.0,0.29843700100000004,0.26153333333333334,0.0,0.26153333333333334,swaa_exact
request_routing/request_routing_9,request_routing,SWAA,baseline,0,0.0,0.29843700100000004,0.7253833333333334,0.0,0.7253833333333334,swaa_exact
request_routing/request_routing_9,request_routing,SWAA,baseline,1,1.0,0.29843700100000004,0.25861666666666666,0.0,0.25861666666666666,swaa_exact
request_routing/request_routing_9,request_routing,SWAA,baseline,1,1.0,0.29843700100000004,0.39298333333333335,0.0,0.39298333333333335,swaa_exact
reverse_hash/input1,reverse_hash,HCAST,baseline,1,1.0,20.133,5.0,0.5137658164848385,5.513765816484838,delta_corrected
reverse_hash/input1,reverse_hash,HCAST,baseline,1,1.0,20.133,73.0,0.5137658164848385,73.51376581648483,delta_corrected
reverse_hash/input2,reverse_hash,HCAST,baseline,1,1.0,5.974,1.0,0.41843296016056164,1.4184329601605616,delta_corrected
reverse_hash/input2,reverse_hash,HCAST,baseline,1,1.0,5.974,6.0,0.41843296016056164,6.418432960160562,delta_corrected
reverse_hash/input2,reverse_hash,HCAST,baseline,1,1.0,5.974,23.0,0.41843296016056164,23.418432960160562,delta_corrected
reverse_hash/input3,reverse_hash,HCAST,baseline,1,1.0,3.85,2.0,0.34831462141039193,2.348314621410392,delta_corrected
reverse_hash/input3,reverse_hash,HCAST,baseline,1,1.0,3.85,2.0,0.34831462141039193,2.348314621410392,delta_corrected
reverse_hash/input3,reverse_hash,HCAST,baseline,1,1.0,3.85,10.0,0.34831462141039193,10.348314621410392,delta_corrected
reverse_hash/input5,reverse_hash,HCAST,baseline,1,1.0,31.012,1.0,0.7712721416770164,1.7712721416770165,delta_corrected
reverse_hash/input5,reverse_hash,HCAST,baseline,1,1.0,31.012,99.0,0.7712721416770164,99.77127214167702,delta_corrected
reverse_hash/input5,reverse_hash,HCAST,baseline,1,1.0,31.012,168.0,0.7712721416770164,168.771272141677,delta_corrected
reverse_hash/input6,reverse_hash,HCAST,baseline,1,1.0,22.0,22.0,0.0,22.0,delta_corrected
sadservers/lhasa,sadservers,HCAST,baseline,1,1.0,8.533,5.0,0.5656306843497891,5.565630684349789,delta_corrected
sadservers/lhasa,sadservers,HCAST,baseline,1,1.0,8.533,10.0,0.5656306843497891,10.56563068434979,delta_corrected
sadservers/lhasa,sadservers,HCAST,baseline,1,1.0,8.533,10.0,0.5656306843497891,10.56563068434979,delta_corrected
search_server/twitter_password,search_server,HCAST,baseline,1,1.0,5.132,3.0,0.3915969893365183,3.3915969893365183,delta_corrected
search_server/twitter_password,search_server,HCAST,baseline,1,1.0,5.132,5.0,0.3915969893365183,5.391596989336518,delta_corrected
search_server/twitter_password,search_server,HCAST,baseline,1,1.0,5.132,7.0,0.3915969893365183,7.391596989336518,delta_corrected
search_server/twitter_password,search_server,HCAST,baseline,0,0.0,5.132,68.0,0.3915969893365183,68.39159698933652,delta_imputed_failure
smart_contract_exploit/main,smart_contract_exploit,HCAST,baseline,0,0.0,484.256,170.0,0.25599999999967027,170.25599999999966,delta_imputed_failure
smart_contract_exploit/main,smart_contract_exploit,HCAST,baseline,0,0.0,484.256,480.0,0.25599999999967027,480.2559999999997,delta_imputed_failure
smart_contract_exploit/main,smart_contract_exploit,HCAST,baseline,1,0.9965740023,484.256,484.0,0.25599999999967027,484.2559999999997,delta_corrected
smart_contract_exploit/main,smart_contract_exploit,HCAST,baseline,0,0.0,484.256,3430.0,0.25599999999967027,3430.256,delta_imputed_failure
spn_cryptanalysis/3-stage-spn,spn_cryptanalysis,HCAST,estimate,0,0.0,180.0,458.0,,458.0,uncorrected_no_delta
spn_cryptanalysis/3-stage-spn,spn_cryptanalysis,HCAST,estimate,0,0.0,180.0,932.0,,932.0,uncorrected_no_delta
spn_cryptanalysis/4-stage-spn,spn_cryptanalysis,HCAST,estimate,0,0.0,300.0,83.0,,83.0,uncorrected_no_delta
spn_cryptanalysis/4-stage-spn,spn_cryptanalysis,HCAST,estimate,0,0.0,300.0,656.0,,656.0,uncorrected_no_delta
symbolic_regression/level_1,symbolic_regression,HCAST,estimate,0,0.0,47.0,109.0,,109.0,uncorrected_no_delta
symbolic_regression/level_1,symbolic_regression,HCAST,estimate,0,0.4404184282,47.0,171.0,,171.0,uncorrected_no_delta
symbolic_regression/level_2,symbolic_regression,HCAST,estimate,0,0.0,90.0,204.0,,204.0,uncorrected_no_delta
symbolic_regression/level_2,symbolic_regression,HCAST,estimate,0,0.0,90.0,208.0,,208.0,uncorrected_no_delta
symbolic_regression/level_2,symbolic_regression,HCAST,estimate,0,0.2505735945,90.0,263.0,,263.0,uncorrected_no_delta
symbolic_regression/level_2,symbolic_regression,HCAST,estimate,0,0.5584538644,90.0,371.0,,371.0,uncorrected_no_delta
tree_traversal_kernel/default,tree_traversal_kernel,HCAST,estimate,0,0.0,240.0,23.0,,23.0,uncorrected_no_delta
tree_traversal_kernel/default,tree_traversal_kernel,HCAST,estimate,0,0.0,240.0,48.0,,48.0,uncorrected_no_delta
tree_traversal_kernel/default,tree_traversal_kernel,HCAST,estimate,0,0.0,240.0,120.0,,120.0,uncorrected_no_delta
tree_traversal_kernel/default,tree_traversal_kernel,HCAST,estimate,0,3.5845e-06,240.0,446.0,,446.0,uncorrected_no_delta
tree_traversal_kernel/default,tree_traversal_kernel,HCAST,estimate,0,0.536325609,240.0,501.0,,501.0,uncorrected_no_delta
tree_traversal_kernel/default,tree_traversal_kernel,HCAST,estimate,0,0.08805146130000001,240.0,727.0,,727.0,uncorrected_no_delta
tree_traversal_kernel/default,tree_traversal_kernel,HCAST,estimate,0,0.9625738119,240.0,1149.0,,1149.0,uncorrected_no_delta
web_hacking/command_injection_easy,web_hacking,HCAST,baseline,1,1.0,32.755,6.0,0.17832179922299699,6.178321799222997,delta_corrected
web_hacking/command_injection_easy,web_hacking,HCAST,baseline,1,1.0,32.755,14.0,0.17832179922299699,14.178321799222998,delta_corrected
web_hacking/command_injection_easy,web_hacking,HCAST,baseline,0,0.0,32.755,263.0,0.17832179922299699,263.178321799223,delta_imputed_failure
web_hacking/command_injection_easy,web_hacking,HCAST,baseline,1,1.0,32.755,401.0,0.17832179922299699,401.178321799223,delta_corrected
web_hacking/command_injection_easy_hint,web_hacking,HCAST,baseline,1,1.0,22.203,7.0,0.6268551615616161,7.6268551615616165,delta_corrected
web_hacking/command_injection_easy_hint,web_hacking,HCAST,baseline,1,1.0,22.203,9.0,0.6268551615616161,9.626855161561616,delta_corrected
web_hacking/command_injection_easy_hint,web_hacking,HCAST,baseline,1,1.0,22.203,13.0,0.6268551615616161,13.626855161561616,delta_corrected
web_hacking/command_injection_easy_hint,web_hacking,HCAST,baseline,1,1.0,22.203,17.0,0.6268551615616161,17.626855161561615,delta_corrected
web_hacking/command_injection_easy_hint,web_hacking,HCAST,baseline,1,1.0,22.203,21.0,0.6268551615616161,21.626855161561615,delta_corrected
web_hacking/command_injection_easy_hint,web_hacking,HCAST,baseline,1,1.0,22.203,29.0,0.6268551615616161,29.626855161561615,delta_corrected
web_hacking/command_injection_easy_hint,web_hacking,HCAST,baseline,1,1.0,22.203,35.0,0.6268551615616161,35.626855161561615,delta_corrected
web_hacking/command_injection_easy_hint,web_hacking,HCAST,baseline,1,1.0,22.203,54.0,0.6268551615616161,54.626855161561615,delta_corrected
web_hacking/command_injection_easy_hint,web_hacking,HCAST,baseline,1,1.0,22.203,59.0,0.6268551615616161,59.626855161561615,delta_corrected
web_hacking/command_injection_easy_hint,web_hacking,HCAST,baseline,0,0.0,22.203,127.0,0.6268551615616161,127.62685516156162,delta_imputed_failure
web_hacking/command_injection_easy_hint,web_hacking,HCAST,baseline,0,0.0,22.203,233.0,0.6268551615616161,233.62685516156162,delta_imputed_failure
web_hacking/command_injection_hard,web_hacking,HCAST,baseline,1,1.0,45.263,8.0,0.19672732587916517,8.196727325879165,delta_corrected
web_hacking/command_injection_hard,web_hacking,HCAST,baseline,1,1.0,45.263,43.0,0.19672732587916517,43.196727325879166,delta_corrected
web_hacking/command_injection_hard,web_hacking,HCAST,baseline,1,1.0,45.263,72.0,0.19672732587916517,72.19672732587917,delta_corrected
web_hacking/command_injection_hard,web_hacking,HCAST,baseline,1,1.0,45.263,164.0,0.19672732587916517,164.19672732587915,delta_corrected
wikipedia_research/austrian_votes,wikipedia_research,HCAST,baseline,1,1.0,1.869,1.0,0.38814002538540276,1.3881400253854028,delta_corrected
wikipedia_research/austrian_votes,wikipedia_research,HCAST,baseline,1,1.0,1.869,1.0,0.38814002538540276,1.3881400253854028,delta_corrected
wikipedia_research/austrian_votes,wikipedia_research,HCAST,baseline,0,0.0,1.869,2.0,0.38814002538540276,2.3881400253854026,delta_imputed_failure
wikipedia_research/austrian_votes,wikipedia_research,HCAST,baseline,0,0.0,1.869,2.0,0.38814002538540276,2.3881400253854026,delta_imputed_failure
wikipedia_research/austrian_votes,wikipedia_research,HCAST,baseline,0,0.0,1.869,2.0,0.38814002538540276,2.3881400253854026,delta_imputed_failure
wikipedia_research/austrian_votes,wikipedia_research,HCAST,baseline,1,1.0,1.869,3.0,0.38814002538540276,3.3881400253854026,delta_corrected
wikipedia_research/speaker_of_house,wikipedia_research,HCAST,baseline,1,1.0,1.085,0.0,0.5391629297861699,0.5391629297861699,delta_corrected
wikipedia_research/speaker_of_house,wikipedia_research,HCAST,baseline,1,1.0,1.085,1.0,0.5391629297861699,1.53916292978617,delta_corrected
wikipedia_research/speaker_of_house,wikipedia_research,HCAST,baseline,1,1.0,1.085,1.0,0.5391629297861699,1.53916292978617,delta_corrected
